,Player,Age Enter,Max BPM,Age Peaked,Top 3 BPM Avg,College,Draft Pick,Round,Round Bin
0,Pat Spencer,27,-1.6,28,-4.0,Northwestern,0,Undrafted,Undrafted
1,Jeremy Evans,23,5.0,24,3.7999999999999994,Western Kentucky,55,2nd,45-60
2,Cam Spencer,24,0.5,24,0.5,Connecticut,53,2nd,45-60
3,Marcus Bagley,23,-4.3,23,-4.3,Arizona State,0,Undrafted,Undrafted
4,Julian Washburn,27,-4.6,27,-4.6,Texas-El Paso,0,Undrafted,Undrafted
5,Drew Timme,24,-6.7,24,-6.7,Gonzaga,0,Undrafted,Undrafted
6,Oscar Tshiebwe,24,2.2,24,0.40000000000000013,Kentucky,0,Undrafted,Undrafted
7,Cameron Reynolds,23,-2.5,23,-5.3,Tulane,0,Undrafted,Undrafted
8,Udonis Haslem,23,31.1,38,10.333333333333334,Florida,0,Undrafted,Undrafted
9,Henry Sims,22,-1.2,22,-2.066666666666667,Georgetown,0,Undrafted,Undrafted
10,Anthony Bennett,20,-1.4,22,-4.233333333333333,UNLV,1,1st,1-14
11,Isaiah Wong,23,-4.0,24,-11.5,Miami,55,2nd,45-60
12,Dru Smith,25,2.1,27,0.8666666666666667,Missouri,0,Undrafted,Undrafted
13,Onuralp Bitim,24,-7.4,24,-7.4,Bursaspor,0,Undrafted,Undrafted
14,Jamil Wilson,27,0.2,27,0.2,Marquette,0,Undrafted,Undrafted
15,Josh Minott,20,5.1,21,1.8999999999999997,Memphis,45,2nd,45-60
16,Bryce Dejean-Jones,23,-2.5,23,-2.5,Iowa State,0,Undrafted,Undrafted
17,Jamel Artis,25,-5.4,25,-5.4,Pittsburgh,0,Undrafted,Undrafted
18,Mfiondu Kabengele,22,2.2,22,-3.6666666666666665,Florida State,27,1st,15-30
19,Kennedy Chandler,20,-2.7,20,-2.7,Tennessee,38,2nd,31-44
20,Phil Pressey,22,-1.2,23,-2.566666666666667,Missouri,0,Undrafted,Undrafted
21,Jordan Mickey,21,-1.5,21,-3.9333333333333336,Louisiana State,33,2nd,31-44
22,Leaky Black,24,-2.4,24,-2.4,North Carolina,0,Undrafted,Undrafted
23,Sheldon Mac,24,-2.3,24,-2.3,Miami,0,Undrafted,Undrafted
24,Caleb Swanigan,20,-5.5,20,-6.233333333333333,Purdue,26,1st,15-30
25,Rodney Purvis,23,-8.2,23,-8.2,Connecticut,0,Undrafted,Undrafted
26,Chris Clemons,22,-1.0,22,-1.0,Campbell University,0,Undrafted,Undrafted
27,Jordan Farmar,20,2.1,28,1.2666666666666668,UCLA,26,1st,15-30
28,Quincy Pondexter,22,-0.1,24,-1.0,Washington,26,1st,15-30
29,Kostas Papanikolaou,24,-2.0,24,-3.25,FC Barcelona,48,2nd,45-60
30,Tyler Kolek,23,-2.8,23,-2.8,Marquette,34,2nd,31-44
31,Paul Watson,25,-0.2,25,-2.3000000000000003,Fresno State,0,Undrafted,Undrafted
32,Justin Robinson,22,-5.7,22,-6.7,Virginia Tech,0,Undrafted,Undrafted
33,Isaac Jones,24,-1.7,24,-1.7,Washington State,0,Undrafted,Undrafted
34,Jordan Hamilton,21,0.9,22,0.5666666666666668,Texas,26,1st,15-30
35,Drew Gooden,22,1.6,23,1.0,Kansas,4,1st,1-14
36,Alex Poythress,23,-2.9,23,-3.8333333333333335,Kentucky,0,Undrafted,Undrafted
37,Axel Toupane,23,-3.0,28,-4.633333333333334,Strasbourg IG,0,Undrafted,Undrafted
38,Nathan Mensah,25,-8.8,25,-8.8,San Diego State,0,Undrafted,Undrafted
39,Stanley Umude,23,48.6,23,12.966666666666667,Arkansas,0,Undrafted,Undrafted
40,Alan Anderson,23,-1.5,32,-1.8666666666666665,Michigan State,0,Undrafted,Undrafted
41,Justin James,23,-1.4,23,-2.8499999999999996,Wyoming,40,2nd,31-44
42,RJ Hunter,22,3.6,25,-0.6,Georgia State,28,1st,15-30
43,Jalen Hood-Schifino,20,-6.9,21,-11.5,Indiana,17,1st,15-30
44,Ashton Hagans,21,-3.5,24,-12.3,Kentucky,0,Undrafted,Undrafted
45,Jaylen Hoard,20,-0.9,22,-1.8333333333333333,Wake Forest,0,Undrafted,Undrafted
46,Robert Sacre,23,-3.5,25,-3.9,Gonzaga,60,2nd,45-60
47,Malachi Richardson,21,-4.8,21,-6.533333333333334,Syracuse,22,1st,15-30
48,Maxwell Lewis,21,-4.4,22,-8.95,Pepperdine,40,2nd,31-44
49,Maurice Ndour,24,-2.8,24,-2.8,Ohio,0,Undrafted,Undrafted
50,Keion Brooks Jr.,24,-3.5,24,-3.5,Washington,0,Undrafted,Undrafted
51,Mason Jones,22,2.9,26,-0.2333333333333334,Arkansas,0,Undrafted,Undrafted
52,McKinley Wright IV,23,-2.7,24,-3.45,Colorado,0,Undrafted,Undrafted
53,Josh Hall,20,-11.9,20,-11.9,Moravian Prep (NC),0,Undrafted,Undrafted
54,Terrence Shannon Jr.,24,-2.1,24,-2.1,Illinois,27,1st,15-30
55,David Duke Jr.,22,1.4,24,-1.3333333333333333,Providence,0,Undrafted,Undrafted
56,Tyler Hansbrough,24,-1.3,27,-1.6666666666666667,North Carolina,13,1st,1-14
57,Chris Silva,23,-2.3,23,-4.233333333333333,South Carolina,0,Undrafted,Undrafted
58,Keljin Blevins,25,-8.5,26,-9.6,Montana State,0,Undrafted,Undrafted
59,Emeka Okafor,22,2.1,24,0.6333333333333334,Connecticut,2,1st,1-14
60,Georgios Papagiannis,19,-3.8,19,-3.9499999999999997,Panathinaikos,13,1st,1-14
61,Deonte Burton,25,-4.3,25,-11.766666666666666,Iowa State,0,Undrafted,Undrafted
62,Udoka Azubuike,21,-0.6,23,-1.7333333333333334,Kansas,27,1st,15-30
63,Jontay Porter,21,1.7,24,-2.4,Missouri,0,Undrafted,Undrafted
64,Chris McCullough,20,-1.8,22,-2.6,Syracuse,29,1st,15-30
65,Nico Mannion,19,-3.9,19,-3.9,Arizona,48,2nd,45-60
66,Damion Baugh,24,-7.1,24,-7.1,Texas Christian,0,Undrafted,Undrafted
67,Johnathan Williams,23,-2.0,24,-2.6,Gonzaga,0,Undrafted,Undrafted
68,Mike Miller,23,3.0,25,2.466666666666667,Florida,5,1st,1-14
69,Myke Henry,25,-1.3,25,-1.3,DePaul,0,Undrafted,Undrafted
70,Johnny Furphy,20,-2.5,20,-2.5,Kansas,35,2nd,31-44
71,Quenton Jackson,24,3.3,25,-0.6999999999999998,Texas A&M,0,Undrafted,Undrafted
72,Justin Minaya,23,-5.4,25,-6.666666666666667,Providence,0,Undrafted,Undrafted
73,Baylor Scheierman,24,-1.7,24,-1.7,Creighton,30,1st,15-30
74,Kay Felder,21,-2.4,21,-6.75,Oakland,54,2nd,45-60
75,MarShon Brooks,23,7.1,29,1.4333333333333333,Providence,25,1st,15-30
76,Luka Garza,23,-0.4,24,-1.5999999999999999,Iowa,52,2nd,45-60
77,Freddie Gillespie,23,-3.2,23,-3.9,Baylor,0,Undrafted,Undrafted
78,Lester Quiñones,22,-3.3,23,-6.533333333333332,Memphis,0,Undrafted,Undrafted
79,Lamar Patterson,24,-5.1,24,-8.25,Pittsburgh,48,2nd,45-60
80,Devin Carter,22,-3.2,22,-3.2,Providence,13,1st,1-14
81,Brodric Thomas,24,-2.8,25,-3.6,Truman State,0,Undrafted,Undrafted
82,Sergey Karasev,20,-1.7,21,-4.633333333333334,Zenit Saint Petersburg,19,1st,15-30
83,Hunter Tyson,23,-4.8,24,-6.85,Clemson,37,2nd,31-44
84,Kendall Marshall,21,-0.8,23,-2.8000000000000003,North Carolina,13,1st,1-14
85,Chris Andersen,25,3.0,32,2.5,Blinn J.C.,0,Undrafted,Undrafted
86,Javon Freeman-Liberty,24,-5.2,24,-5.2,DePaul,0,Undrafted,Undrafted
87,Jordan Walsh,19,-3.8,19,-3.8499999999999996,Arkansas,38,2nd,31-44
88,Wade Baldwin,20,1.9,21,-4.633333333333334,Vanderbilt,17,1st,15-30
89,Jared Cunningham,21,-1.5,21,-3.766666666666667,Oregon State,24,1st,15-30
90,Kadeem Allen,25,0.5,26,-2.6999999999999997,Arizona,53,2nd,45-60
91,Jacob Evans,21,-7.1,22,-7.6499999999999995,Cincinnati,28,1st,15-30
92,Jordan Miller,24,-2.8,25,-3.3,Miami,48,2nd,45-60
93,Olivier Sarr,22,-2.6,24,-3.8333333333333335,Kentucky,0,Undrafted,Undrafted
94,Dwight Buycks,24,-2.6,25,-3.033333333333333,Marquette,0,Undrafted,Undrafted
95,Jaylen Adams,22,-4.3,22,-12.05,St. Bonaventure,0,Undrafted,Undrafted
96,Trevelin Queen,24,1.9,24,-0.6,New Mexico State,0,Undrafted,Undrafted
97,Colin Castleton,23,-5.0,24,-5.1,Florida,0,Undrafted,Undrafted
98,Rasual Butler,24,2.9,35,1.0999999999999999,La Salle,52,2nd,45-60
99,TyTy Washington Jr.,21,-6.3,21,-7.5,Kentucky,29,1st,15-30
100,Elijah Hughes,22,-2.8,22,-4.85,Syracuse,39,2nd,31-44
101,JJ Hickson,20,0.2,24,-0.6,North Carolina State,19,1st,15-30
102,Anžejs Pasečņiks,24,-5.6,24,-26.1,Gran Canaria,25,1st,15-30
103,Tyler Cook,22,-0.2,22,-2.433333333333333,Iowa,0,Undrafted,Undrafted
104,Jaron Blossomgame,25,-3.8,25,-3.8,Clemson,59,2nd,45-60
105,Jordan Crawford,22,4.2,29,1.6333333333333335,Xavier,27,1st,15-30
106,KZ Okpala,21,-2.8,22,-4.366666666666666,Stanford,32,2nd,31-44
107,Jaylon Tyson,22,-2.7,22,-2.7,California,20,1st,15-30
108,Ryan Broekhoff,28,0.8,29,-0.09999999999999998,Valparaiso,0,Undrafted,Undrafted
109,Kevon Harris,25,-3.6,25,-9.700000000000001,Stephen F. Austin,0,Undrafted,Undrafted
110,Ryan Hollins,22,-1.9,29,-2.3,UCLA,50,2nd,45-60
111,Greivis Vásquez,24,-0.4,26,-0.8333333333333334,Maryland,28,1st,15-30
112,Collin Gillespie,24,2.5,25,-0.10000000000000009,Villanova,0,Undrafted,Undrafted
113,Andre Miller,27,2.5,27,2.2333333333333334,Utah,8,1st,1-14
114,Killian Tillie,22,-2.7,23,-3.2,Gonzaga,0,Undrafted,Undrafted
115,Reece Beekman,23,-5.4,23,-5.4,Virginia,0,Undrafted,Undrafted
116,Ryan Kelly,22,-1.5,22,-2.6333333333333333,Duke,48,2nd,45-60
117,Okaro White,24,-0.7,25,-1.9,Florida State,0,Undrafted,Undrafted
118,Jason Thompson,22,-0.8,29,-1.3,Rider,12,1st,1-14
119,Ray McCallum,22,-2.0,23,-2.55,Detroit,36,2nd,31-44
120,Kyle Collinsworth,26,-2.6,26,-2.6,Brigham Young,0,Undrafted,Undrafted
121,Marko Gudurić,24,-3.4,24,-3.4,Fenerbahce,0,Undrafted,Undrafted
122,Adreian Payne,23,2.4,26,-2.033333333333333,Michigan State,15,1st,15-30
123,Džanan Musa,19,-4.4,20,-5.800000000000001,Cedevita,29,1st,15-30
124,Patrick Baldwin Jr.,20,1.5,22,-1.7333333333333332,Wisconsin-Milwaukee,28,1st,15-30
125,Anderson Varejão,22,3.7,29,2.1333333333333333,FC Barcelona,30,1st,15-30
126,Wendell Moore Jr.,21,-2.4,21,-2.6333333333333333,Duke,26,1st,15-30
127,Sonny Weems,22,-2.0,23,-4.633333333333333,Arkansas,39,2nd,31-44
128,Keaton Wallace,25,-2.3,25,-2.3,Texas-San Antonio,0,Undrafted,Undrafted
129,KJ McDaniels,21,-2.3,23,-3.0,Clemson,32,2nd,31-44
130,Sasha Vezenkov,28,-0.9,28,-0.9,"Barcelona, Spain",57,2nd,45-60
131,Tristan Vukcevic,20,-0.5,21,-2.05,Real Madrid,42,2nd,31-44
132,Colby Jones,21,-2.8,22,-3.9,Xavier,34,2nd,31-44
133,Rob Dillingham,20,-4.2,20,-4.2,Kentucky,8,1st,1-14
134,Tyler Cavanaugh,23,-1.9,23,-5.15,George Washington,0,Undrafted,Undrafted
135,Miye Oni,22,-1.7,23,-4.633333333333334,Yale,58,2nd,45-60
136,Nicolás Brussino,23,-1.6,23,-1.6,Penarol,0,Undrafted,Undrafted
137,Jaylen Clark,23,-0.2,23,-0.2,UCLA,53,2nd,45-60
138,Mouhamed Gueye,21,-0.6,22,-1.05,Washington State,39,2nd,31-44
139,Ignas Brazdeikis,21,-4.3,23,-6.2,Michigan,47,2nd,45-60
140,Kendrick Perkins,19,0.7,19,0.43333333333333335,Clifton J. Ozen HS (TX),27,1st,15-30
141,Dillon Jones,23,-4.0,23,-4.0,Weber State,26,1st,15-30
142,Kevin Garnett,27,10.2,27,9.299999999999999,Farragut Academy HS (IL),5,1st,1-14
143,Isaiah Briscoe,22,-5.0,22,-5.0,Kentucky,0,Undrafted,Undrafted
144,Keifer Sykes,28,-6.9,28,-6.9,Wisconsin-Green Bay,0,Undrafted,Undrafted
145,Carl Landry,24,1.5,24,1.1666666666666667,Purdue,31,2nd,31-44
146,Brandon Paul,26,-3.5,26,-3.5,Illinois,0,Undrafted,Undrafted
147,Tiago Splitter,26,2.3,30,2.1666666666666665,Bilbao,28,1st,15-30
148,Henry Ellenson,20,-1.5,22,-2.566666666666667,Marquette,18,1st,15-30
149,Metta World Peace,24,4.8,25,3.7000000000000006,St. John's (NY),16,1st,15-30
150,Damjan Rudež,28,-2.3,28,-3.8666666666666667,Zaragoza,0,Undrafted,Undrafted
151,Jared McCain,20,0.2,20,0.2,Duke,16,1st,15-30
152,Ajay Mitchell,22,-1.6,22,-1.6,California-Santa Barbara,38,2nd,31-44
153,Anthony Brown,23,-4.4,24,-4.95,Stanford,34,2nd,31-44
154,Carsen Edwards,21,-4.5,22,-6.133333333333333,Purdue,33,2nd,31-44
155,Kirk Hinrich,23,2.8,26,2.3666666666666667,Kansas,7,1st,1-14
156,Andrea Bargnani,21,1.1,25,-0.26666666666666666,Benetton Treviso,1,1st,1-14
157,Jonah Bolden,23,-0.7,23,-4.949999999999999,UCLA,36,2nd,31-44
158,AJ Johnson,20,-8.1,20,-8.1,Illawarra,23,1st,15-30
159,Greg Brown III,20,-4.4,22,-5.866666666666667,Texas,43,2nd,31-44
160,Kobi Simmons,20,-0.9,25,-2.9333333333333336,Arizona,0,Undrafted,Undrafted
161,Reed Sheppard,20,-1.7,20,-1.7,Kentucky,3,1st,1-14
162,Antonio Reeves,24,-3.2,24,-3.2,Kentucky,47,2nd,45-60
163,Charlie Villanueva,21,1.5,29,0.8666666666666667,Connecticut,7,1st,1-14
164,Jalen Pickett,24,-1.5,25,-2.4,Penn State,32,2nd,31-44
165,Kobe Brown,24,-2.1,25,-2.95,Missouri,30,1st,15-30
166,Quinten Post,24,0.1,24,0.1,Boston College,52,2nd,45-60
167,Mike James,27,1.8,30,1.2333333333333334,Duquesne,0,Undrafted,Undrafted
168,Theo Pinson,23,-0.5,26,-2.3666666666666667,North Carolina,0,Undrafted,Undrafted
169,Nick Collison,24,0.9,30,0.30000000000000004,Kansas,12,1st,1-14
170,Jacob Gilyard,24,-1.4,25,-3.75,Richmond,0,Undrafted,Undrafted
171,Matt Ryan,24,-2.7,26,-4.533333333333333,Tennessee-Chattanooga,0,Undrafted,Undrafted
172,Jett Howard,20,-1.8,20,-3.55,Michigan,11,1st,1-14
173,Skylar Mays,23,1.9,23,-0.03333333333333336,Louisiana State,50,2nd,45-60
174,Micah Potter,23,3.5,24,-0.7666666666666666,Wisconsin,0,Undrafted,Undrafted
175,C.J. Williams,27,-2.1,27,-2.9000000000000004,North Carolina State,0,Undrafted,Undrafted
176,Alan Williams,23,11.8,26,3.4333333333333336,Cal-Santa Barbara,0,Undrafted,Undrafted
177,Luka Šamanić,20,-2.1,23,-3.6999999999999997,Union Olimpija,19,1st,15-30
178,James Michael McAdoo,22,-1.8,23,-2.05,North Carolina,0,Undrafted,Undrafted
179,James Anderson,21,1.0,23,-1.0999999999999999,Oklahoma State,20,1st,15-30
180,Jay Huff,23,4.0,24,2.9333333333333336,Virginia,0,Undrafted,Undrafted
181,Mo Williams,21,2.3,26,1.4666666666666666,Alabama,47,2nd,45-60
182,Jamal Cain,23,0.8,23,-1.633333333333333,Oakland,0,Undrafted,Undrafted
183,Gui Santos,21,-0.5,21,-1.1,Minas,55,2nd,45-60
184,Amar'e Stoudemire,21,4.8,25,3.6666666666666665,Cypress Creek HS (FL),9,1st,1-14
185,Darrun Hilliard,22,-2.5,22,-5.466666666666666,Villanova,38,2nd,31-44
186,Mychal Mulder,25,-1.8,26,-5.166666666666667,Kentucky,0,Undrafted,Undrafted
187,Festus Ezeli,23,-0.1,26,-1.7666666666666666,Vanderbilt,30,1st,15-30
188,Chris Chiozza,23,-0.7,25,-1.0666666666666667,Florida,0,Undrafted,Undrafted
189,Jawun Evans,21,-5.0,21,-7.65,Oklahoma State,39,2nd,31-44
190,Pelle Larsson,23,-3.1,23,-3.1,Arizona,44,2nd,31-44
191,Karlo Matković,23,-2.0,23,-2.0,Mega Basket,52,2nd,45-60
192,A.J. Lawson,22,-2.5,24,-3.8333333333333335,South Carolina,0,Undrafted,Undrafted
193,Bruno Caboclo,19,1.0,21,-0.7333333333333334,Pinheiros,20,1st,15-30
194,Eric Moreland,23,17.2,23,4.3999999999999995,Oregon State,0,Undrafted,Undrafted
195,Gary Neal,26,-0.1,27,-0.6333333333333333,Towson,0,Undrafted,Undrafted
196,John Jenkins,21,2.2,25,0.5666666666666667,Vanderbilt,23,1st,15-30
197,James Bouknight,21,2.2,23,-3.7999999999999994,Connecticut,11,1st,1-14
198,Ryan Rollins,20,5.7,21,-3.266666666666667,Toledo,44,2nd,31-44
199,Pablo Prigioni,35,0.5,36,0.19999999999999998,Baskonia,0,Undrafted,Undrafted
200,Brandan Wright,20,3.7,24,3.1999999999999997,North Carolina,8,1st,1-14
201,Nathan Knight,23,-0.6,24,-2.5,William & Mary,0,Undrafted,Undrafted
202,KJ Simpson,22,-5.4,22,-5.4,Colorado,42,2nd,31-44
203,James Jones,23,3.2,32,1.8333333333333333,Miami,49,2nd,45-60
204,Taylor Hendricks,20,-1.6,20,-2.55,Central Florida,9,1st,1-14
205,Chris Johnson,22,1.6,27,0.30000000000000004,Louisiana State,0,Undrafted,Undrafted
206,Marcelo Huertas,32,-4.6,33,-4.8,FC Barcelona,0,Undrafted,Undrafted
207,Jaden Springer,19,17.1,19,4.900000000000001,Tennessee,28,1st,15-30
208,Josh Smith,19,5.1,24,3.9666666666666663,Oak Hill Academy (VA),17,1st,15-30
209,Jeff Dowtin Jr.,24,3.3,26,0.5333333333333333,Rhode Island,0,Undrafted,Undrafted
210,Charles Bassey,21,1.7,21,1.2333333333333334,Western Kentucky,53,2nd,45-60
211,Brian Roberts,27,-0.6,27,-1.3,Dayton,0,Undrafted,Undrafted
212,Adem Bona,21,-2.7,21,-2.7,UCLA,41,2nd,31-44
213,Olivier-Maxence Prosper,21,-2.1,22,-2.5,Marquette,24,1st,15-30
214,Chase Budinger,21,1.2,23,0.5,Arizona,44,2nd,31-44
215,Joe Young,23,-3.5,25,-4.466666666666666,Oregon,43,2nd,31-44
216,Deyonta Davis,20,-1.5,21,-2.6999999999999997,Michigan State,31,2nd,31-44
217,Joshua Primo,19,-5.0,19,-12.1,Alabama,12,1st,1-14
218,Trey Jemison,24,-5.1,24,-5.949999999999999,Alabama-Birmingham,0,Undrafted,Undrafted
219,Usman Garuba,19,-0.9,19,-4.3999999999999995,Real Madrid,23,1st,15-30
220,Dylan Windler,24,6.7,25,1.9000000000000001,Belmont,26,1st,15-30
221,Semaj Christon,24,-5.1,24,-5.1,Xavier,55,2nd,45-60
222,Josh McRoberts,20,3.7,20,2.6666666666666665,Duke,37,2nd,31-44
223,Terry Taylor,22,3.3,25,-0.16666666666666682,Austin Peay,0,Undrafted,Undrafted
224,T.J. Leaf,20,-0.3,21,-1.8999999999999997,UCLA,18,1st,15-30
225,Josh Huestis,24,8.8,25,0.7000000000000003,Stanford,29,1st,15-30
226,Markel Brown,23,-2.6,23,-5.466666666666666,Oklahoma State,44,2nd,31-44
227,Steve Blake,23,1.5,28,0.5,Maryland,38,2nd,31-44
228,Davon Reed,22,-0.3,26,-3.6999999999999997,Miami,32,2nd,31-44
229,Ky Bowman,22,-4.3,22,-4.3,Boston College,0,Undrafted,Undrafted
230,Mindaugas Kuzminskas,27,-1.9,27,-1.9,Malaga,0,Undrafted,Undrafted
231,Kai Jones,21,2.9,24,-2.5666666666666664,Texas,19,1st,15-30
232,Thanasis Antetokounmpo,23,5.9,23,-0.2666666666666666,Panathinaikos,51,2nd,45-60
233,Donatas Motiejūnas,22,-0.5,24,-2.6,Lithuania,20,1st,15-30
234,Tosan Evbuomwan,22,-3.0,22,-3.1,Princeton,0,Undrafted,Undrafted
235,Johnny Davis,20,-2.8,22,-5.599999999999999,Dayton,22,1st,15-30
236,Eugene Omoruyi,24,4.0,24,-0.9,Oregon,0,Undrafted,Undrafted
237,Jamison Battle,23,-2.3,23,-2.3,Ohio State,0,Undrafted,Undrafted
238,Oso Ighodaro,22,-2.6,22,-2.6,Marquette,40,2nd,31-44
239,Cody Williams,20,-7.3,20,-7.3,Colorado,10,1st,1-14
240,Ante Žižić,21,1.0,21,-1.1,Darussafaka,23,1st,15-30
241,Kevin Séraphin,21,-1.7,22,-2.9666666666666663,Cholet,17,1st,15-30
242,Jeff Withey,23,1.4,26,0.8666666666666667,Kansas,39,2nd,31-44
243,O.J. Mayo,21,0.8,24,0.10000000000000002,Southern California,3,1st,1-14
244,Rayan Rupert,19,-4.7,20,-5.7,New Zealand Breakers,43,2nd,31-44
245,Kevin Martin,21,3.4,27,2.8666666666666667,Western Carolina,26,1st,15-30
246,Ja'Kobe Walter,20,-3.0,20,-3.0,Baylor,19,1st,15-30
247,Archie Goodwin,19,1.9,22,-1.5666666666666667,Kentucky,29,1st,15-30
248,Brandon Williams,22,1.0,25,-3.4,Davidson,0,Undrafted,Undrafted
249,Ekpe Udoh,23,4.7,31,2.2,Baylor,6,1st,1-14
250,Miloš Teodosić,30,-1.7,30,-3.5500000000000003,CSKA Moscow,0,Undrafted,Undrafted
251,Antonio Blakeney,21,-5.2,21,-5.2,Louisiana State,0,Undrafted,Undrafted
252,Christian Koloko,22,-2.8,24,-3.15,Arizona,33,2nd,31-44
253,Justin Edwards,21,-3.7,21,-3.7,Kentucky,0,Undrafted,Undrafted
254,Craig Porter Jr.,23,1.1,24,0.8,Wichita State,0,Undrafted,Undrafted
255,Andrew Nicholson,23,-1.1,26,-2.9000000000000004,St. Bonaventure,19,1st,15-30
256,Isaiah Taylor,22,-4.4,23,-6.1,Texas,0,Undrafted,Undrafted
257,Vlatko Čančar,22,-1.7,24,-2.033333333333333,San Pablo Burgos,49,2nd,45-60
258,CJ Elleby,20,-4.9,20,-5.1,Washington State,46,2nd,45-60
259,Daishen Nix,19,-1.4,21,-4.766666666666667,NBA G League Ignite,0,Undrafted,Undrafted
260,Troy Williams,22,-0.5,23,-2.233333333333333,Indiana,0,Undrafted,Undrafted
261,Justin Hamilton,23,-0.8,24,-2.3,Louisiana State,45,2nd,45-60
262,Neemias Queta,22,1.5,24,-0.8666666666666666,Utah State,39,2nd,31-44
263,Norris Cole,23,-2.8,26,-3.233333333333333,Cleveland State,28,1st,15-30
264,Dominick Barlow,19,-1.7,20,-2.8333333333333335,Overtime Elite,0,Undrafted,Undrafted
265,Ronnie Price,22,-0.7,24,-1.2666666666666666,Utah Valley,0,Undrafted,Undrafted
266,Matt Thomas,25,1.1,25,-2.033333333333333,Iowa State,0,Undrafted,Undrafted
267,Johnny O'Bryant,21,-2.4,23,-4.233333333333333,Louisiana State,36,2nd,31-44
268,Ivan Rabb,20,-1.4,21,-1.7,California,35,2nd,31-44
269,Moussa Diabaté,21,3.5,22,-0.3999999999999999,Michigan,43,2nd,31-44
270,Ron Baker,23,-0.4,24,-4.033333333333334,Wichita State,0,Undrafted,Undrafted
271,Tidjane Salaün,19,-5.2,19,-5.2,Cholet,6,1st,1-14
272,Omer Yurtseven,23,-1.0,23,-2.6333333333333333,Georgetown,0,Undrafted,Undrafted
273,Ron Holland,19,-3.0,19,-3.0,NBA G League Ignite,5,1st,1-14
274,Beno Udrih,22,0.9,22,0.6,Olimpia Milano,28,1st,15-30
275,Kelan Martin,24,-2.4,25,-3.4333333333333336,Butler,0,Undrafted,Undrafted
276,Ish Wainright,27,-1.2,28,-1.8666666666666665,Baylor,0,Undrafted,Undrafted
277,Jonathan Mogbo,23,-1.9,23,-1.9,San Francisco,31,2nd,31-44
278,Admiral Schofield,22,-2.9,25,-4.4,Tennessee,42,2nd,31-44
279,MarJon Beauchamp,22,-3.2,23,-4.1000000000000005,NBA G League Ignite,24,1st,15-30
280,PJ Hairston,22,-2.9,22,-3.7,North Carolina,26,1st,15-30
281,Tyrese Martin,23,-2.6,25,-5.0,Connecticut,51,2nd,45-60
282,Sasha Vujačić,20,1.2,23,0.43333333333333335,Udine,27,1st,15-30
283,Donald Sloan,24,-0.1,26,-1.5999999999999999,Texas A&M,0,Undrafted,Undrafted
284,Donovan Clingan,20,-0.3,20,-0.3,Connecticut,7,1st,1-14
285,Cole Aldrich,22,2.4,27,1.6333333333333335,Kansas,11,1st,1-14
286,Ousmane Dieng,19,-0.9,21,-2.5,New Zealand Breakers,11,1st,1-14
287,Duane Washington Jr.,21,-4.6,22,-4.65,Ohio State,0,Undrafted,Undrafted
288,Kyle Singler,24,-1.4,25,-2.1666666666666665,Duke,33,2nd,31-44
289,Armoni Brooks,22,-3.2,22,-4.3,Houston,0,Undrafted,Undrafted
290,Wenyen Gabriel,22,-2.2,25,-3.1,Kentucky,0,Undrafted,Undrafted
291,AJ Griffin,19,-0.8,19,-5.2,Duke,16,1st,15-30
292,Ryan Dunn,22,-4.1,22,-4.1,Virginia,28,1st,15-30
293,Noah Clowney,19,-0.7,19,-2.4,Alabama,21,1st,15-30
294,Zach Edey,22,-0.1,22,-0.1,Purdue,9,1st,1-14
295,Frank Mason III,23,0.0,25,-1.8,Kansas,34,2nd,31-44
296,Kel'el Ware,20,-0.1,20,-0.1,Indiana,15,1st,15-30
297,Alexis Ajinça,20,-0.3,26,-2.0666666666666664,Hyeres-Toulon,20,1st,15-30
298,Julian Phillips,20,-3.0,21,-4.15,Tennessee,35,2nd,31-44
299,Rashad Vaughn,19,-2.6,21,-3.966666666666667,UNLV,17,1st,15-30
300,Tayshaun Prince,23,2.1,24,1.8333333333333333,Kentucky,23,1st,15-30
301,Jamal Shead,22,-4.1,22,-4.1,Houston,45,2nd,45-60
302,Sindarius Thornwell,23,-0.8,25,-2.6333333333333333,South Carolina,48,2nd,45-60
303,Thomas Robinson,21,-2.0,23,-2.433333333333333,Kansas,5,1st,1-14
304,Tyrone Wallace,23,-3.5,23,-6.033333333333334,California,60,2nd,45-60
305,Dalton Knecht,23,-1.8,23,-1.8,Tennessee,17,1st,15-30
306,Orlando Robinson,22,-1.1,23,-2.1999999999999997,Fresno State,0,Undrafted,Undrafted
307,DeAndre Liggins,23,41.5,25,12.866666666666665,Kentucky,53,2nd,45-60
308,Jordan McRae,24,-1.5,28,-1.6666666666666667,Tennessee,58,2nd,45-60
309,Lucas Nogueira,22,5.2,25,2.4,Estudiantes,16,1st,15-30
310,Paul Pierce,26,4.8,28,4.533333333333332,Kansas,10,1st,1-14
311,Kira Lewis Jr.,19,-0.3,21,-2.5666666666666664,Alabama,13,1st,1-14
312,Matas Buzelis,20,-2.5,20,-2.5,NBA G League Ignite,11,1st,1-14
313,Jordan Hill,22,-0.5,26,-0.9,Arizona,8,1st,1-14
314,Sergio Rodríguez,20,-1.1,20,-1.2666666666666668,Estudiantes,27,1st,15-30
315,Kyle Filipowski,21,-1.0,21,-1.0,Duke,32,2nd,31-44
316,Kris Humphries,19,0.9,28,0.13333333333333333,Minnesota,14,1st,1-14
317,Jarace Walker,20,0.2,20,-0.35,Houston,8,1st,1-14
318,Tim Duncan,27,8.5,27,7.7,Wake Forest,1,1st,1-14
319,Ricky Council IV,22,1.3,22,-1.5,Arkansas,0,Undrafted,Undrafted
320,Mike Dunleavy,23,1.7,27,1.5666666666666664,Duke,3,1st,1-14
321,Brandon Goodwin,23,-1.6,26,-2.533333333333333,Florida Gulf Coast,0,Undrafted,Undrafted
322,Andre Jackson Jr.,22,-3.4,23,-3.5,Connecticut,36,2nd,31-44
323,Moses Brown,20,0.1,25,-0.9666666666666667,UCLA,0,Undrafted,Undrafted
324,DaQuan Jeffries,22,-3.8,22,-4.466666666666667,Tulsa,0,Undrafted,Undrafted
325,Jerome Robinson,21,-3.9,22,-5.2,Boston College,13,1st,1-14
326,Nicolò Melli,29,-1.3,29,-2.4,Fenerbahce,0,Undrafted,Undrafted
327,Anthony Lamb,23,-1.1,25,-5.066666666666666,Vermont,0,Undrafted,Undrafted
328,Justin Champagnie,20,-0.5,23,-1.4333333333333333,Pittsburgh,0,Undrafted,Undrafted
329,Sekou Doumbouya,19,18.8,20,6.050000000000001,,15,1st,15-30
330,Tristan Da Silva,23,-2.6,23,-2.6,Colorado,18,1st,15-30
331,Alonzo Gee,22,1.6,22,-0.1333333333333333,Alabama,0,Undrafted,Undrafted
332,Anthony Morrow,23,1.8,29,0.4000000000000001,Georgia Tech,0,Undrafted,Undrafted
333,Johnny Juzang,21,-2.3,23,-4.166666666666667,UCLA,0,Undrafted,Undrafted
334,Isaiah Whitehead,21,-3.8,22,-4.449999999999999,Seton Hall,42,2nd,31-44
335,Toney Douglas,23,0.4,24,0.0,Florida State,29,1st,15-30
336,Ömer Aşık,24,-0.7,25,-1.1333333333333333,Fenerbahce,36,2nd,31-44
337,Paul Zipser,22,-4.4,22,-5.25,Bayern Munich,48,2nd,45-60
338,C.J. Watson,23,1.3,28,0.6333333333333334,Tennessee,0,Undrafted,Undrafted
339,Dalen Terry,20,0.0,20,-2.033333333333333,Arizona,18,1st,15-30
340,Bryce McGowens,20,-4.9,21,-8.166666666666666,Nebraska,40,2nd,31-44
341,Tyler Dorsey,21,17.8,26,3.8000000000000003,Oregon,41,2nd,31-44
342,Elie Okobo,21,-1.9,22,-3.8,Elan Bearnais,31,2nd,31-44
343,D.J. Wilson,21,22.4,27,8.466666666666667,Michigan,17,1st,15-30
344,Isaac Bonga,19,-0.4,22,-2.6666666666666665,Skyliners Frankfurt,39,2nd,31-44
345,Duop Reath,27,-0.3,28,-0.6,Louisiana State,0,Undrafted,Undrafted
346,Marcus Thornton,22,1.2,27,1.0999999999999999,Louisiana State,43,2nd,31-44
347,Omari Spellman,21,-1.2,21,-1.5,Villanova,30,1st,15-30
348,GG Jackson II,19,-2.0,19,-3.65,South Carolina,45,2nd,45-60
349,Cam Whitmore,19,0.3,20,0.2,Villanova,20,1st,15-30
350,Allonzo Trier,23,-0.4,24,-1.75,Arizona,0,Undrafted,Undrafted
351,Saben Lee,21,-0.4,22,-1.2,Vanderbilt,38,2nd,31-44
352,Trent Forrest,22,-1.0,23,-2.2333333333333334,Florida State,0,Undrafted,Undrafted
353,Chandler Hutchison,22,-2.6,23,-4.033333333333333,Boise State,22,1st,15-30
354,Chris Bosh,19,4.4,23,4.0,Georgia Tech,4,1st,1-14
355,Bruno Fernando,21,-0.1,23,-0.9333333333333332,Maryland,34,2nd,31-44
356,Kyshawn George,21,-4.1,21,-4.1,Miami,24,1st,15-30
357,Alex Sarr,19,-3.3,19,-3.3,Washington Wizards,2,1st,1-14
358,Spencer Hawes,19,1.5,23,0.8666666666666667,Washington,10,1st,1-14
359,Harry Giles,20,-1.3,21,-2.4,Duke,20,1st,15-30
360,Isaiah Collier,20,-5.3,20,-5.3,Southern California,29,1st,15-30
361,PJ Dozier,22,0.7,26,-1.3,South Carolina,0,Undrafted,Undrafted
362,Zaccharie Risacher,19,-3.5,19,-3.5,JL Bourg-en-Bresse,1,1st,1-14
363,Jordan Bell,23,2.8,23,1.5333333333333332,Oregon,38,2nd,31-44
364,Alfonzo McKinnie,25,-0.4,28,-2.3000000000000003,Wisc.-Green Bay,0,Undrafted,Undrafted
365,Jodie Meeks,22,0.5,31,0.19999999999999998,Kentucky,41,2nd,31-44
366,Kobe Bryant,25,7.6,27,6.433333333333334,Lower Merion HS (PA),13,1st,1-14
367,Chasson Randle,23,-1.7,23,-3.866666666666667,Stanford,0,Undrafted,Undrafted
368,Willie Reed,25,0.8,27,-0.19999999999999998,St. Louis,0,Undrafted,Undrafted
369,Tony Bradley,20,4.9,24,2.466666666666667,North Carolina,28,1st,15-30
370,Jared Sullinger,20,1.1,22,0.10000000000000009,Ohio State,21,1st,15-30
371,Brandon Bass,20,0.6,30,0.39999999999999997,Louisiana State,33,2nd,31-44
372,Tyler Ennis,20,-2.1,22,-3.2000000000000006,Syracuse,18,1st,15-30
373,Julian Strawther,21,-4.5,22,-5.25,Gonzaga,29,1st,15-30
374,Vince Williams Jr.,22,-0.7,23,-4.0,Virginia Commonwealth,47,2nd,45-60
375,Anthony Gill,28,-1.3,28,-2.1666666666666665,Virginia,0,Undrafted,Undrafted
376,Cheick Diallo,20,-0.9,22,-1.1333333333333335,Kansas,33,2nd,31-44
377,Yves Missi,20,-3.0,20,-3.0,Baylor,21,1st,15-30
378,Vasilije Micić,30,-4.6,30,-5.8,Serbia,52,2nd,45-60
379,Jared Butler,21,-1.0,24,-1.5666666666666667,Baylor,40,2nd,31-44
380,Rodney Stuckey,21,0.6,25,0.36666666666666664,Eastern Washington,15,1st,15-30
381,Rodions Kurucs,20,-2.6,20,-3.3333333333333335,FC Barcelona,40,2nd,31-44
382,Aaron Brooks,23,0.7,25,-0.10000000000000003,Oregon,26,1st,15-30
383,JT Thor,19,-3.0,19,-4.066666666666666,Auburn,37,2nd,31-44
384,Brice Sensabaugh,20,-1.2,21,-3.35,Ohio State,28,1st,15-30
385,Andrew Bogut,21,3.1,24,2.8333333333333335,Utah,1,1st,1-14
386,Leandro Barbosa,21,2.7,24,1.633333333333333,Bauru,28,1st,15-30
387,Ben Sheppard,22,-2.0,23,-2.7,Belmont,26,1st,15-30
388,Jaylen Wells,21,-2.2,21,-2.2,Washington State,39,2nd,31-44
389,Edmond Sumner,23,-2.6,27,-2.766666666666667,Xavier,52,2nd,45-60
390,Isaiah Livers,23,-1.5,23,-3.466666666666667,Michigan,42,2nd,31-44
391,Nikola Jović,19,0.3,20,-1.55,Mega Basket,27,1st,15-30
392,Lindy Waters III,24,1.9,26,0.1333333333333333,Oklahoma State,0,Undrafted,Undrafted
393,Brandon Rush,23,1.7,26,-0.03333333333333336,Kansas,13,1st,1-14
394,Luis Scola,27,0.5,28,0.06666666666666667,Tau Ceramica,55,2nd,45-60
395,Trayce Jackson-Davis,23,2.8,23,2.0,Indiana,57,2nd,45-60
396,Brandon Boston Jr.,20,-2.2,21,-2.6666666666666665,Kentucky,51,2nd,45-60
397,Nick Smith Jr.,19,-5.7,20,-5.800000000000001,Arkansas,27,1st,15-30
398,Josh Christopher,20,-3.5,20,-5.233333333333333,Arizona State,24,1st,15-30
399,Tarik Black,23,-2.1,23,-2.6333333333333333,Kansas,0,Undrafted,Undrafted
400,Dereck Lively II,19,3.3,20,1.9,Duke,12,1st,1-14
401,Wayne Selden,22,-3.1,23,-4.666666666666667,Kansas,0,Undrafted,Undrafted
402,Guerschon Yabusele,22,-1.0,29,-1.6333333333333335,"Rouen, France",16,1st,15-30
403,Darrell Arthur,20,-0.1,28,-0.8333333333333334,Kansas,27,1st,15-30
404,Marcus Sasser,23,-0.6,24,-1.6,Houston,25,1st,15-30
405,Stephon Castle,20,-3.2,20,-3.2,Connecticut,4,1st,1-14
406,Sandro Mamukelashvili,22,2.3,25,0.49999999999999994,Seton Hall,54,2nd,45-60
407,Scotty Pippen Jr.,22,1.9,24,-0.9,Vanderbilt,0,Undrafted,Undrafted
408,Blake Wesley,19,-4.0,20,-5.933333333333333,Notre Dame,25,1st,15-30
409,Derrick Williams,20,0.3,23,-1.0666666666666667,Arizona,2,1st,1-14
410,Gary Clark,24,0.1,27,-0.8333333333333334,Cincinnati,0,Undrafted,Undrafted
411,Kessler Edwards,21,-1.4,24,-2.233333333333333,Pepperdine,44,2nd,31-44
412,Malcolm Delaney,27,-2.6,28,-4.1,Virginia Tech,0,Undrafted,Undrafted
413,Romeo Langford,20,-1.4,22,-3.4,Indiana,14,1st,1-14
414,Miles Plumlee,24,1.6,30,-0.10000000000000002,Duke,26,1st,15-30
415,JaKarr Sampson,21,3.7,25,0.3666666666666667,St. John's (NY),0,Undrafted,Undrafted
416,Quinn Cook,23,-1.2,27,-1.6333333333333335,Duke,0,Undrafted,Undrafted
417,Terrence Jones,21,2.2,22,1.7000000000000002,Kentucky,18,1st,15-30
418,Jarrett Culver,20,-4.0,20,-4.533333333333333,Texas Tech,6,1st,1-14
419,Joakim Noah,22,5.3,28,4.166666666666667,Florida,9,1st,1-14
420,Tyler Zeller,23,0.9,25,-0.9,North Carolina,17,1st,15-30
421,Isaiah Jackson,20,1.7,22,0.5666666666666667,Kentucky,22,1st,15-30
422,David Lee,22,3.0,23,2.433333333333333,Florida,30,1st,15-30
423,Vit Krejci,21,0.7,24,-2.2,Zaragoza,37,2nd,31-44
424,Kris Murray,23,-3.0,24,-3.3,Iowa,23,1st,15-30
425,Caleb Houstan,20,-1.9,21,-2.6999999999999997,Michigan,32,2nd,31-44
426,Skal Labissière,20,2.1,28,-0.49999999999999994,Kentucky,28,1st,15-30
427,Bol Bol,20,2.1,24,0.6666666666666669,Oregon,44,2nd,31-44
428,Salah Mejri,29,0.8,32,0.5666666666666667,Real Madrid,0,Undrafted,Undrafted
429,Abdel Nader,24,0.0,27,-1.4000000000000001,Iowa State,58,2nd,45-60
430,Bub Carrington,19,-4.6,19,-4.6,Pittsburgh,14,1st,1-14
431,Jake Layman,22,-0.5,24,-2.1,Maryland,47,2nd,45-60
432,Sam Merrill,24,1.2,26,0.6666666666666666,Utah State,60,2nd,45-60
433,Lavoy Allen,22,0.0,25,-1.0999999999999999,Temple,50,2nd,45-60
434,Jordan Hawkins,21,-3.1,21,-4.25,Connecticut,14,1st,1-14
435,Mark Williams,21,3.5,23,1.4666666666666666,Duke,15,1st,15-30
436,Al Jefferson,20,3.7,27,3.0,No College,15,1st,15-30
437,Boban Marjanović,27,5.5,28,4.333333333333333,Crvena zvezda,0,Undrafted,Undrafted
438,Shane Larkin,21,-1.7,25,-2.1666666666666665,Miami,18,1st,15-30
439,Jason Smith,21,-0.4,24,-1.2666666666666666,Colorado State,20,1st,15-30
440,Joffrey Lauvergne,23,-1.0,26,-1.6000000000000003,Khimki,55,2nd,45-60
441,Yuta Watanabe,24,-0.6,28,-1.0,George Washington,0,Undrafted,Undrafted
442,Roy Hibbert,22,1.4,25,0.06666666666666661,Georgetown,17,1st,15-30
443,Jake LaRavia,21,0.2,23,-1.9333333333333333,Wake Forest,19,1st,15-30
444,Jarrett Jack,22,1.6,27,0.8333333333333334,Georgia Tech,22,1st,15-30
445,Jericho Sims,23,-0.5,24,-1.3333333333333333,Texas,58,2nd,45-60
446,Jaylin Williams,20,4.3,22,1.2333333333333334,Arkansas,34,2nd,31-44
447,Jaden Hardy,20,-2.3,20,-3.6999999999999997,NBA G League Ignite,37,2nd,31-44
448,Facundo Campazzo,29,-0.6,29,-0.8666666666666666,Murcia,0,Undrafted,Undrafted
449,A.J. Green,23,-0.9,23,-1.7333333333333334,Northern Iowa,0,Undrafted,Undrafted
450,Luke Babbitt,21,-0.4,25,-1.1666666666666667,Nevada,16,1st,15-30
451,Shaquille Harrison,24,4.6,30,2.4999999999999996,Tulsa,0,Undrafted,Undrafted
452,Boris Diaw,21,2.8,23,1.7666666666666666,Pau Orthez,21,1st,15-30
453,Brandon Jennings,20,3.3,25,2.533333333333333,Virtus Roma,10,1st,1-14
454,Treveon Graham,23,-1.0,23,-2.466666666666667,Va Commonwealth,0,Undrafted,Undrafted
455,Jalen Wilson,23,-2.9,23,-3.4,Kansas,51,2nd,45-60
456,Jordan Goodwin,23,0.7,24,-0.3666666666666667,St. Louis,0,Undrafted,Undrafted
457,Day'Ron Sharpe,20,0.9,23,-0.4666666666666666,North Carolina,29,1st,15-30
458,Álex Abrines,23,-1.5,24,-2.1333333333333333,FC Barcelona,32,2nd,31-44
459,Tyler Ulis,21,-2.4,21,-3.4000000000000004,Kentucky,34,2nd,31-44
460,Timofey Mozgov,24,-0.7,28,-0.9666666666666667,Khimki,0,Undrafted,Undrafted
461,Marreese Speights,21,0.6,27,-0.6333333333333333,Florida,16,1st,15-30
462,Quincy Acy,22,0.1,22,-0.5666666666666667,Baylor,37,2nd,31-44
463,James Wiseman,19,1.6,22,-2.3000000000000003,Memphis,2,1st,1-14
464,Mario Chalmers,22,1.3,28,0.6333333333333334,Kansas,34,2nd,31-44
465,Andrew Harrison,22,-1.5,23,-4.0,Kentucky,44,2nd,31-44
466,Mirza Teletović,27,1.3,30,0.5000000000000001,Baskonia,0,Undrafted,Undrafted
467,Jock Landale,26,0.4,29,-0.033333333333333326,St. Mary's,0,Undrafted,Undrafted
468,David Roddy,21,-1.5,23,-3.466666666666667,Colorado State,23,1st,15-30
469,Isaiah Roby,22,0.6,23,-2.433333333333333,Nebraska,45,2nd,45-60
470,Gradey Dick,20,-3.2,21,-4.300000000000001,Kansas,13,1st,1-14
471,Ramon Sessions,21,1.6,22,0.5333333333333333,Nevada-Reno,56,2nd,45-60
472,Hollis Thompson,22,-1.8,23,-2.5333333333333337,Georgetown,0,Undrafted,Undrafted
473,Ausar Thompson,21,1.7,22,-0.2500000000000001,Overtime Elite,5,1st,1-14
474,Keon Ellis,23,1.9,25,1.4666666666666668,Alabama,0,Undrafted,Undrafted
475,Randy Foye,23,0.5,30,0.033333333333333326,Villanova,7,1st,1-14
476,Jarell Martin,21,-3.7,21,-3.8666666666666667,Louisiana State,25,1st,15-30
477,Bones Hyland,21,2.7,24,0.5000000000000001,Virginia Commonwealth,26,1st,15-30
478,Richard Jefferson,23,3.1,25,2.3000000000000003,Arizona,13,1st,1-14
479,Jaylen Nowell,20,0.8,22,-1.5,Washington,43,2nd,31-44
480,Zeke Nnaji,20,-1.3,23,-1.7333333333333334,Arizona,22,1st,15-30
481,Sean Kilpatrick,25,-2.2,25,-2.433333333333333,Cincinnati,0,Undrafted,Undrafted
482,Malachi Flynn,22,-1.5,23,-2.1,San Diego State,29,1st,15-30
483,Keon Johnson,19,-2.7,21,-3.8000000000000003,Tennessee,21,1st,15-30
484,R.J. Hampton,19,-2.9,21,-3.5999999999999996,Capital City Go-Go,24,1st,15-30
485,Anthony Black,20,-1.9,21,-2.45,Arkansas,6,1st,1-14
486,Jabari Walker,20,-0.8,22,-3.4,Colorado,57,2nd,45-60
487,Juan Toscano-Anderson,26,0.8,27,-1.2,Marquette,0,Undrafted,Undrafted
488,Eric Paschall,23,-0.5,24,-1.6,Villanova,41,2nd,31-44
489,Paul Reed,21,2.9,25,1.8,DePaul,58,2nd,45-60
490,Brad Wanamaker,29,-0.6,30,-1.7666666666666666,Pittsburgh,0,Undrafted,Undrafted
491,Jerryd Bayless,20,1.7,23,0.3333333333333333,Arizona,11,1st,1-14
492,Sam Dekker,21,2.2,21,0.06666666666666665,Wisconsin,18,1st,15-30
493,Gerald Henderson,22,-1.1,25,-1.3333333333333333,Virginia Commonwealth,64,Undrafted,Undrafted
494,Dalano Banton,22,-0.5,23,-0.8666666666666667,Nebraska,46,2nd,45-60
495,Ty Lawson,22,3.2,24,2.566666666666667,North Carolina,18,1st,15-30
496,Peyton Watson,20,-1.8,22,-2.2666666666666666,UCLA,30,1st,15-30
497,Chris Duarte,24,1.2,27,-1.5,Oregon,13,1st,1-14
498,Justin Anderson,22,0.3,22,-0.6333333333333334,Virginia,21,1st,15-30
499,Lamar Stevens,23,-2.2,26,-2.6333333333333333,Penn State,0,Undrafted,Undrafted
500,Michael Beasley,20,0.9,27,-0.03333333333333336,Kansas State,2,1st,1-14
501,David West,23,4.0,32,3.3333333333333335,Xavier,18,1st,15-30
502,Chet Holmgren,21,3.4,21,2.9,Gonzaga,2,1st,1-14
503,Brandon Miller,21,0.0,22,-1.3,Alabama,2,1st,1-14
504,Chimezie Metu,21,1.7,22,0.09999999999999994,USC,49,2nd,45-60
505,Patrick McCaw,21,0.9,25,-1.0999999999999999,UNLV,38,2nd,31-44
506,Jordan Nwora,22,-1.1,22,-1.9000000000000001,Louisville,45,2nd,45-60
507,Aleksej Pokusevski,19,0.0,21,-1.5,Olympiacos,17,1st,15-30
508,Jason Terry,26,4.0,28,3.466666666666667,Arizona,10,1st,1-14
509,Cristiano Felício,23,0.3,23,-0.09999999999999998,Flamengo,0,Undrafted,Undrafted
510,Jeremiah Robinson-Earl,21,-1.5,22,-2.066666666666667,Villanova,32,2nd,31-44
511,Jaime Jaquez Jr.,22,-0.9,23,-1.4,UCLA,18,1st,15-30
512,Scoot Henderson,19,-2.2,20,-4.0,NBA G League Ignite,3,1st,1-14
513,Théo Maledon,19,-2.5,21,-3.966666666666667,ASVEL,34,2nd,31-44
514,Thon Maker,19,0.7,23,-0.6333333333333333,Athlete Institute Prep,10,1st,1-14
515,Cason Wallace,20,1.0,21,0.55,Kentucky,10,1st,1-14
516,Malaki Branham,19,-3.2,21,-4.666666666666667,Ohio State,20,1st,15-30
517,Max Christie,19,-2.5,21,-3.0666666666666664,Michigan State,35,2nd,31-44
518,Nenê,21,3.6,27,2.9333333333333336,Vasco de Gama,7,1st,1-14
519,Jon Leuer,22,1.0,24,0.3,Wisconsin,40,2nd,31-44
520,Damian Jones,21,1.1,23,0.30000000000000004,Vanderbilt,30,1st,15-30
521,Isaiah Canaan,22,-0.8,23,-1.5,Murray State,34,2nd,31-44
522,Amen Thompson,21,4.1,22,2.9499999999999997,Overtime Elite,4,1st,1-14
523,Shabazz Muhammad,21,0.7,22,-1.4000000000000001,UCLA,14,1st,1-14
524,Victor Wembanyama,20,6.5,21,5.85,Metropolitans 92,1,1st,1-14
525,Channing Frye,22,2.7,26,1.5333333333333334,Arizona,8,1st,1-14
526,Ryan Arcidiacono,23,-1.9,24,-2.333333333333333,Villanova,0,Undrafted,Undrafted
527,Simone Fontecchio,27,-1.0,28,-3.033333333333333,Baskonia,0,Undrafted,Undrafted
528,Gary Payton II,24,9.2,28,4.766666666666667,Oregon State,0,Undrafted,Undrafted
529,Terence Davis,22,0.8,22,-0.5333333333333333,Mississippi,0,Undrafted,Undrafted
530,Chandler Parsons,23,2.0,24,1.7666666666666668,Florida,38,2nd,31-44
531,Bilal Coulibaly,19,-3.7,20,-3.95,Metropolitans 92,7,1st,1-14
532,Tari Eason,21,3.6,23,1.1666666666666667,Louisiana State,17,1st,15-30
533,Brandin Podziemski,20,0.7,21,0.3,Santa Clara,19,1st,15-30
534,Darius Miller,22,3.6,30,-0.3333333333333333,Kentucky,46,2nd,45-60
535,Julian Champagnie,21,-1.3,23,-2.1666666666666665,St. John's,0,Undrafted,Undrafted
536,Manu Ginóbili,26,8.3,30,7.666666666666667,Virtus Bologna,57,2nd,45-60
537,Nassir Little,19,-1.4,21,-2.3666666666666667,North Carolina,25,1st,15-30
538,Wes Iwundu,23,-2.6,25,-3.366666666666667,Kansas State,33,2nd,31-44
539,Dragan Bender,19,-2.9,22,-3.5666666666666664,Maccabi Tel Aviv,4,1st,1-14
540,Deron Williams,21,4.0,24,3.6,Illinois,3,1st,1-14
541,Omri Casspi,21,0.4,30,0.13333333333333333,Maccabi Tel Aviv,23,1st,15-30
542,Oshae Brissett,21,0.6,22,-1.1333333333333335,Syracuse,0,Undrafted,Undrafted
543,Tony Allen,23,3.6,28,2.3000000000000003,Oklahoma State,25,1st,15-30
544,Trendon Watford,21,-0.5,23,-1.3333333333333333,Louisiana State,0,Undrafted,Undrafted
545,Chuma Okeke,22,-0.1,23,-0.6,Auburn,16,1st,15-30
546,Dante Exum,19,0.1,22,-0.8666666666666667,Australian Institute of Sport,5,1st,1-14
547,Tre Mann,20,-1.3,22,-2.533333333333333,Florida,18,1st,15-30
548,Frank Jackson,20,-1.7,22,-3.266666666666667,Duke,31,2nd,31-44
549,Xavier Tillman Sr.,22,1.9,24,0.7999999999999998,Michigan State,35,2nd,31-44
550,Terrance Ferguson,19,-3.3,19,-3.8666666666666667,Adelaide,21,1st,15-30
551,Matt Barnes,23,1.8,32,1.5666666666666667,UCLA,45,2nd,45-60
552,Nick Young,22,-0.1,29,-0.4333333333333333,Southern California,16,1st,15-30
553,Dwayne Bacon,22,-3.7,23,-4.5,Florida State,40,2nd,31-44
554,Jordan McLaughlin,23,4.2,27,1.6333333333333335,Southern California,0,Undrafted,Undrafted
555,Miles McBride,21,0.0,24,-0.7999999999999999,West Virginia,36,2nd,31-44
556,Kyle O'Quinn,22,3.1,26,2.6666666666666665,Norfolk State,49,2nd,45-60
557,Jameer Nelson,22,5.1,25,2.766666666666666,St. Joseph's (PA),20,1st,15-30
558,José Calderón,24,4.5,26,3.4666666666666663,Tau Ceramica,0,Undrafted,Undrafted
559,Semi Ojeleye,23,-1.7,25,-2.6999999999999997,Southern Methodist,37,2nd,31-44
560,Ty Jerome,22,4.3,27,0.9333333333333332,Virginia,24,1st,15-30
561,Keyonte George,20,-2.7,21,-3.5500000000000003,Baylor,16,1st,15-30
562,Ian Clark,22,-1.5,25,-2.1333333333333333,Belmont,0,Undrafted,Undrafted
563,Haywood Highsmith,22,-0.7,27,-1.8999999999999997,Wheeling Jesuit,0,Undrafted,Undrafted
564,Kenneth Faried,22,2.2,22,1.4333333333333336,Morehead State,22,1st,15-30
565,Javonte Green,26,2.0,30,1.1666666666666667,Radford,0,Undrafted,Undrafted
566,Brandon Knight,20,1.6,23,0.1666666666666667,Kentucky,8,1st,1-14
567,Jalen Smith,20,2.4,23,0.9333333333333332,Maryland,10,1st,1-14
568,Jalen Johnson,20,1.8,23,1.0999999999999999,Duke,20,1st,15-30
569,Damyean Dotson,23,-1.4,25,-2.1,Houston,44,2nd,31-44
570,Moses Moody,19,-0.1,21,-1.1666666666666667,Arkansas,14,1st,1-14
571,Luol Deng,19,3.0,21,2.1,Duke,7,1st,1-14
572,Toumani Camara,23,-0.1,24,-1.6,Dayton,52,2nd,45-60
573,Keita Bates-Diop,23,-0.6,27,-1.0,Ohio State,48,2nd,45-60
574,Jeremy Lin,22,3.8,23,2.6666666666666665,Harvard,0,Undrafted,Undrafted
575,Lance Thomas,23,-3.0,24,-3.233333333333333,Duke,0,Undrafted,Undrafted
576,Sterling Brown,22,-1.5,23,-1.7,Southern Methodist,46,2nd,45-60
577,Ziaire Williams,20,-2.3,23,-3.266666666666667,Stanford,10,1st,1-14
578,Wesley Johnson,23,-0.2,28,-0.6666666666666666,Syracuse,4,1st,1-14
579,Gerald Green,20,1.4,28,0.6333333333333333,No College,18,1st,15-30
580,Jose Alvarado,23,1.9,23,0.19999999999999996,Georgia Tech,0,Undrafted,Undrafted
581,Jalen McDaniels,22,5.6,27,0.3999999999999999,San Diego State,52,2nd,45-60
582,Trevor Booker,23,0.0,28,-0.10000000000000002,Clemson,23,1st,15-30
583,Tyreke Evans,20,4.5,28,2.6666666666666665,Memphis,4,1st,1-14
584,Sam Hauser,24,2.3,24,1.5,Virginia,0,Undrafted,Undrafted
585,Troy Daniels,22,0.7,24,-0.2333333333333333,Va Commonwealth,0,Undrafted,Undrafted
586,Kendrick Nunn,24,-0.5,25,-2.1,Oakland,0,Undrafted,Undrafted
587,Tim Frazier,24,-0.9,27,-1.5666666666666667,Penn State,0,Undrafted,Undrafted
588,David Nwaba,24,1.1,27,-0.09999999999999998,Cal Poly-Obispo,0,Undrafted,Undrafted
589,Ochai Agbaji,22,-0.7,24,-2.7000000000000006,Kansas,14,1st,1-14
590,Denzel Valentine,23,-0.6,26,-1.4333333333333336,Michigan State,14,1st,1-14
591,Nick Richards,23,-1.3,25,-2.1333333333333333,Kentucky,42,2nd,31-44
592,Goga Bitadze,20,2.5,25,1.633333333333333,Mega Basket,18,1st,15-30
593,Luc Mbah a Moute,22,-0.2,29,-0.43333333333333335,UCLA,37,2nd,31-44
594,Arron Afflalo,22,1.4,25,0.43333333333333335,UCLA,27,1st,15-30
595,Robert Williams,21,6.0,23,5.533333333333334,Texas A&M,27,1st,15-30
596,Corey Brewer,21,0.4,26,0.03333333333333335,Florida,7,1st,1-14
597,John Henson,22,2.5,28,1.3666666666666665,North Carolina,14,1st,1-14
598,Khem Birch,25,1.2,26,-0.23333333333333336,UNLV,0,Undrafted,Undrafted
599,Meyers Leonard,20,2.0,24,1.4666666666666666,Illinois,11,1st,1-14
600,Monta Ellis,20,1.6,22,1.0000000000000002,Lanier HS (MS),40,2nd,31-44
601,Justin Jackson,22,-1.6,23,-2.5,North Carolina,15,1st,15-30
602,Jonas Jerebko,22,0.9,26,0.3,Angelico Biella,39,2nd,31-44
603,Devin Harris,21,2.8,25,2.033333333333333,Wisconsin,5,1st,1-14
604,Kosta Koufos,19,0.9,22,0.3666666666666667,Ohio State,23,1st,15-30
605,Ian Mahinmi,21,6.6,21,2.2333333333333334,Pau Orthez,28,1st,15-30
606,Jahlil Okafor,20,7.5,29,1.9333333333333333,Duke,3,1st,1-14
607,Shelvin Mack,21,-1.1,23,-1.3666666666666665,Butler,34,2nd,31-44
608,Hamidou Diallo,20,18.7,25,5.6000000000000005,Kentucky,45,2nd,45-60
609,Jerian Grant,23,0.1,24,-0.9333333333333332,Notre Dame,19,1st,15-30
610,Walker Kessler,21,2.9,21,1.866666666666667,Auburn,22,1st,15-30
611,Tyson Chandler,21,2.6,32,2.266666666666667,Dominguez HS (CA),2,1st,1-14
612,Shaun Livingston,19,0.4,26,0.2333333333333333,Peoria Central HS (IL),4,1st,1-14
613,Andre Roberson,22,0.5,24,-0.09999999999999998,Colorado,26,1st,15-30
614,Dyson Daniels,19,1.5,21,0.10000000000000002,NBA G League Ignite,8,1st,1-14
615,Shabazz Napier,23,1.5,27,0.6000000000000001,Connecticut,24,1st,15-30
616,Cam Thomas,20,0.3,23,-1.2,Louisiana State,27,1st,15-30
617,Iman Shumpert,21,-0.1,22,-0.7999999999999999,Georgia Tech,17,1st,15-30
618,Jeremy Sochan,19,-1.2,21,-2.8666666666666667,Baylor,9,1st,1-14
619,Glenn Robinson III,21,-0.3,23,-0.7000000000000001,Michigan,40,2nd,31-44
620,Yogi Ferrell,23,0.2,26,-0.7666666666666666,Indiana,0,Undrafted,Undrafted
621,Shaedon Sharpe,19,-1.3,21,-2.4666666666666663,Kentucky,7,1st,1-14
622,John Konchar,23,4.5,23,2.566666666666667,Indiana-Purdue Fort Wayne,0,Undrafted,Undrafted
623,Amir Johnson,18,1.3,20,1.1666666666666667,Westchester HS (CA),56,2nd,45-60
624,Zaza Pachulia,19,0.6,32,0.3333333333333333,Ulkerspor,42,2nd,31-44
625,Willy Hernangómez,22,1.4,23,0.6333333333333333,Cajasol Sevilla,35,2nd,31-44
626,Luke Kornet,22,3.4,28,2.9,Vanderbilt,0,Undrafted,Undrafted
627,Thabo Sefolosha,22,2.7,31,2.1999999999999997,Angelico Biella,13,1st,1-14
628,J.J. Barea,22,1.5,32,0.9,Northeastern,0,Undrafted,Undrafted
629,Timothé Luwawu-Cabarrot,21,-2.2,24,-3.1999999999999997,Mega Basket,24,1st,15-30
630,Garrison Mathews,23,-1.1,23,-1.5,Lipscomb,0,Undrafted,Undrafted
631,Juancho Hernangómez,21,-0.1,21,-0.6,Estudiantes,15,1st,15-30
632,Jonathon Simmons,26,-2.6,27,-2.8000000000000003,Houston,0,Undrafted,Undrafted
633,Kevin Knox,19,-1.3,25,-2.066666666666667,Kentucky,9,1st,1-14
634,Zach Randolph,22,2.6,29,1.8333333333333333,Michigan State,19,1st,15-30
635,Marquese Chriss,19,0.6,22,-1.2333333333333334,Washington,8,1st,1-14
636,Santi Aldama,21,3.2,24,1.1666666666666667,Loyola-Maryland,30,1st,15-30
637,Michael Carter-Williams,22,0.8,27,0.13333333333333333,Syracuse,11,1st,1-14
638,Furkan Korkmaz,20,-0.1,23,-1.0666666666666667,Anadolu Efes,26,1st,15-30
639,Darius Bazley,19,-0.4,23,-1.0,Princeton HS (OH),23,1st,15-30
640,Svi Mykhailiuk,21,-0.1,25,-1.2666666666666666,Kansas,47,2nd,45-60
641,Frank Ntilikina,19,-1.7,22,-2.2666666666666666,Strasbourg IG,8,1st,1-14
642,Noah Vonleh,19,-0.7,23,-1.0,Indiana,9,1st,1-14
643,Jaden Ivey,20,0.0,22,-2.1333333333333333,Purdue,5,1st,1-14
644,C.J. Miles,18,2.4,25,1.4666666666666668,Skyline HS (TX),34,2nd,31-44
645,Isaiah Joe,21,1.3,24,-0.2666666666666666,Arkansas,49,2nd,45-60
646,Dean Wade,23,0.3,27,-0.06666666666666665,Kansas State,0,Undrafted,Undrafted
647,Aaron Wiggins,23,1.1,26,-0.10000000000000002,Maryland,55,2nd,45-60
648,Killian Hayes,19,-0.6,23,-2.266666666666667,Ratiopharm Ulm,7,1st,1-14
649,Jalen Duren,19,3.1,21,0.7333333333333334,Memphis,13,1st,1-14
650,Christian Braun,21,0.3,23,-1.3333333333333333,Kansas,21,1st,15-30
651,Jonathan Isaac,20,4.0,25,3.3666666666666667,Florida State,6,1st,1-14
652,Lance Stephenson,20,1.3,23,0.03333333333333336,Cincinnati,40,2nd,31-44
653,Gabe Vincent,23,-1.4,25,-2.9333333333333336,California-Santa Barbara,0,Undrafted,Undrafted
654,Nik Stauskas,21,-1.9,25,-2.333333333333333,Michigan,8,1st,1-14
655,Cody Martin,24,-0.5,26,-1.4000000000000001,Nevada,36,2nd,31-44
656,Jalen Suggs,20,1.0,22,0.1333333333333333,Gonzaga,5,1st,1-14
657,Dion Waiters,21,-0.1,25,-0.8000000000000002,Syracuse,4,1st,1-14
658,Raymond Felton,21,1.6,25,0.7666666666666667,North Carolina,5,1st,1-14
659,Tony Parker,21,3.6,26,3.1666666666666665,Paris Basket Racing,28,1st,15-30
660,Andrew Nembhard,23,-2.2,24,-2.566666666666667,Gonzaga,31,2nd,31-44
661,Greg Monroe,20,2.9,21,2.4,Georgetown,7,1st,1-14
662,Michael Kidd-Gilchrist,19,0.0,22,-0.39999999999999997,Kentucky,2,1st,1-14
663,DeAndre' Bembry,22,-0.7,27,-1.6666666666666667,St. Joseph's (PA),21,1st,15-30
664,Jonathan Kuminga,19,-0.4,21,-0.8333333333333334,NBA G League Ignite,7,1st,1-14
665,Markelle Fultz,19,0.5,24,-0.2333333333333333,Washington,1,1st,1-14
666,Jared Dudley,22,2.1,24,1.7000000000000002,Boston College,22,1st,15-30
667,Joe Johnson,22,15.0,40,6.733333333333333,Arkansas,10,1st,1-14
668,Drew Eubanks,21,0.1,25,-0.19999999999999998,Oregon State,0,Undrafted,Undrafted
669,JR Smith,19,2.6,22,2.3000000000000003,No College,18,1st,15-30
670,Amir Coffey,22,-0.3,24,-1.3333333333333333,Minnesota,0,Undrafted,Undrafted
671,Thomas Bryant,20,2.2,22,1.7000000000000002,Indiana,42,2nd,31-44
672,Trey Burke,21,2.5,25,0.7999999999999999,Michigan,9,1st,1-14
673,Talen Horton-Tucker,19,-1.2,20,-1.6333333333333335,Iowa State,46,2nd,45-60
674,Cam Reddish,20,-1.3,22,-2.4,Duke,10,1st,1-14
675,Bennedict Mathurin,20,-2.9,22,-3.3333333333333335,Arizona,6,1st,1-14
676,Quentin Grimes,21,0.4,24,1.850371707708594e-17,Houston,25,1st,15-30
677,Rodney McGruder,25,0.7,29,-0.7333333333333334,Kansas State,0,Undrafted,Undrafted
678,Ed Davis,21,1.9,26,1.2,North Carolina,13,1st,1-14
679,Mike Scott,24,-0.1,27,-0.7333333333333334,Virginia,43,2nd,31-44
680,Jaxson Hayes,19,0.6,20,0.16666666666666666,Texas,8,1st,1-14
681,Vince Carter,27,6.0,28,5.0,North Carolina,5,1st,1-14
682,Damion Lee,25,0.2,28,-1.1333333333333333,Drexel,0,Undrafted,Undrafted
683,Moritz Wagner,21,4.0,27,2.533333333333333,Michigan,25,1st,15-30
684,Jarred Vanderbilt,19,1.1,23,0.39999999999999997,Kentucky,41,2nd,31-44
685,Nikola Mirotić,23,2.3,23,2.0,Real Madrid,23,1st,15-30
686,Pau Gasol,23,5.5,25,5.066666666666666,FC Barcelona,3,1st,1-14
687,Mario Hezonja,20,-0.5,22,-2.1666666666666665,FC Barcelona,5,1st,1-14
688,Dante Cunningham,22,0.8,24,-0.19999999999999998,Villanova,33,2nd,31-44
689,Mo Bamba,20,0.7,23,0.5333333333333333,Texas,6,1st,1-14
690,Ryan Anderson,20,4.6,22,3.633333333333333,California,21,1st,15-30
691,Aaron Nesmith,21,-0.5,24,-2.2333333333333334,Vanderbilt,14,1st,1-14
692,Matthew Dellavedova,23,-1.2,25,-1.9333333333333333,Saint Mary's,0,Undrafted,Undrafted
693,Obi Toppin,22,2.0,23,1.7333333333333334,Dayton,8,1st,1-14
694,Brandon Clarke,23,4.2,25,3.266666666666667,Gonzaga,21,1st,15-30
695,Danuel House Jr.,23,0.9,23,-0.09999999999999998,Texas A&M,0,Undrafted,Undrafted
696,Jevon Carter,23,0.6,24,0.1666666666666667,West Virginia,32,2nd,31-44
697,Jae'Sean Tate,25,-0.7,29,-1.2999999999999998,Ohio State,0,Undrafted,Undrafted
698,Precious Achiuwa,21,-1.4,24,-1.8666666666666665,Memphis,20,1st,15-30
699,Naji Marshall,23,-0.7,26,-0.9333333333333332,Xavier,0,Undrafted,Undrafted
700,Josh Green,20,-1.0,21,-2.033333333333333,Arizona,18,1st,15-30
701,Tre Jones,21,1.5,25,0.20000000000000004,Duke,41,2nd,31-44
702,Wilson Chandler,20,0.5,25,-0.09999999999999999,DePaul,23,1st,15-30
703,Marvin Bagley III,19,-0.4,24,-0.7666666666666666,Duke,2,1st,1-14
704,Dirk Nowitzki,25,8.3,28,7.8999999999999995,DJK Wurzburg,9,1st,1-14
705,Anthony Tolliver,23,0.9,31,0.43333333333333335,Creighton,0,Undrafted,Undrafted
706,Jabari Smith Jr.,19,-0.4,20,-1.6000000000000003,Auburn,3,1st,1-14
707,Aron Baynes,26,-0.2,29,-0.9,Washington State,0,Undrafted,Undrafted
708,Davion Mitchell,23,-2.6,26,-2.9333333333333336,Baylor,9,1st,1-14
709,Rondae Hollis-Jefferson,21,0.8,21,0.4000000000000001,Arizona,23,1st,15-30
710,KJ Martin,20,-0.7,22,-1.2333333333333334,IMG Academy (FL),52,2nd,45-60
711,Shake Milton,22,-1.0,23,-1.5333333333333332,Southern Methodist,54,2nd,45-60
712,Zion Williamson,19,7.0,23,5.533333333333334,Duke,1,1st,1-14
713,Josh Jackson,20,0.1,22,-2.3666666666666667,Kansas,4,1st,1-14
714,Solomon Hill,22,0.1,24,-1.0333333333333332,Arizona,23,1st,15-30
715,Jalen Williams,21,4.0,23,2.1999999999999997,Santa Clara,12,1st,1-14
716,Raul Neto,23,-0.1,24,-0.20000000000000004,Murcia,47,2nd,45-60
717,Troy Brown Jr.,19,-1.0,23,-1.3333333333333333,Oregon,15,1st,15-30
718,Paolo Banchero,20,3.5,22,1.0999999999999999,Duke,1,1st,1-14
719,DeMarre Carroll,23,1.7,28,1.2333333333333334,Missouri,27,1st,15-30
720,Trey Murphy III,21,2.5,23,1.7,Virginia,17,1st,15-30
721,Lonnie Walker IV,20,-1.4,24,-2.1,Miami,18,1st,15-30
722,Onyeka Okongwu,20,1.3,23,0.5666666666666668,Southern California,6,1st,1-14
723,James Ennis III,24,1.5,25,-0.26666666666666666,Cal State-Long Beach,50,2nd,45-60
724,Payton Pritchard,23,3.5,27,2.1,Oregon,26,1st,15-30
725,Cade Cunningham,20,3.9,23,1.1666666666666667,Oklahoma State,1,1st,1-14
726,Chris Boucher,26,3.3,28,2.733333333333333,Oregon,0,Undrafted,Undrafted
727,JaVale McGee,21,1.6,25,1.5,Nevada,18,1st,15-30
728,Patrick Patterson,21,2.5,25,1.0999999999999999,Kentucky,14,1st,1-14
729,Zach Collins,20,0.0,26,-0.4666666666666666,Gonzaga,10,1st,1-14
730,Jamal Crawford,23,2.4,29,1.8,Michigan,8,1st,1-14
731,Isaiah Hartenstein,20,4.5,23,3.733333333333333,Zalgiris,43,2nd,31-44
732,Emmanuel Mudiay,19,-1.2,25,-1.7,Guangdong,7,1st,1-14
733,Herbert Jones,23,0.6,25,-0.06666666666666667,Alabama,35,2nd,31-44
734,Matisse Thybulle,22,5.0,27,2.6666666666666665,Washington,20,1st,15-30
735,Isaiah Thomas,22,6.7,26,4.733333333333333,Washington,60,2nd,45-60
736,Aaron Holiday,22,-0.2,27,-1.0999999999999999,UCLA,23,1st,15-30
737,LaMelo Ball,19,3.4,20,3.2999999999999994,Illawarra,3,1st,1-14
738,Kevin Porter Jr.,19,0.6,22,-0.5333333333333333,Southern California,30,1st,15-30
739,Dewayne Dedmon,24,1.7,31,0.9333333333333332,USC,0,Undrafted,Undrafted
740,Dwyane Wade,22,10.6,27,9.333333333333332,Marquette,5,1st,1-14
741,Patrick Williams,19,-1.3,21,-1.7,Florida State,4,1st,1-14
742,Daniel Gafford,21,3.8,26,2.866666666666667,Arkansas,38,2nd,31-44
743,Ben McLemore,20,-0.5,26,-1.9666666666666668,Kansas,7,1st,1-14
744,Jabari Parker,19,0.7,21,0.16666666666666666,Duke,2,1st,1-14
745,Mike Muscala,22,5.0,29,2.1333333333333333,Bucknell,44,2nd,31-44
746,Isaiah Stewart,19,0.6,23,-0.8666666666666667,Washington,16,1st,15-30
747,Caleb Martin,24,1.1,26,-0.36666666666666664,Nevada,0,Undrafted,Undrafted
748,Corey Kispert,22,-1.5,23,-1.9666666666666668,Gonzaga,15,1st,15-30
749,Keegan Murray,22,-0.6,22,-1.0333333333333334,Iowa,4,1st,1-14
750,Dennis Smith Jr.,20,0.4,23,-0.7000000000000001,North Carolina State,9,1st,1-14
751,Christian Wood,20,3.1,24,2.1333333333333333,UNLV,0,Undrafted,Undrafted
752,Daniel Theis,25,2.4,27,0.8999999999999999,Brose Bamberg,0,Undrafted,Undrafted
753,Marcin Gortat,23,2.2,27,1.6000000000000003,RheinEnergie Cologne,57,2nd,45-60
754,Frank Kaminsky,22,4.9,28,3.0,Wisconsin,9,1st,1-14
755,Nerlens Noel,20,3.1,25,2.533333333333333,Kentucky,6,1st,1-14
756,Kenrich Williams,24,0.6,30,0.26666666666666666,TCU,0,Undrafted,Undrafted
757,Ayo Dosunmu,22,-0.8,24,-1.4666666666666668,Illinois,38,2nd,31-44
758,Evan Turner,22,0.0,27,-0.7666666666666666,Ohio State,2,1st,1-14
759,Nic Claxton,20,3.1,23,1.5999999999999999,Georgia,31,2nd,31-44
760,Courtney Lee,23,0.9,28,0.26666666666666666,Western Kentucky,22,1st,15-30
761,Max Strus,24,1.3,28,0.5333333333333333,DePaul,0,Undrafted,Undrafted
762,Cole Anthony,20,1.3,22,0.06666666666666672,North Carolina,15,1st,15-30
763,Nickeil Alexander-Walker,21,0.2,25,-0.3666666666666667,Virginia Tech,17,1st,15-30
764,Josh Okogie,20,1.5,26,0.26666666666666666,Georgia Tech,20,1st,15-30
765,Ersan İlyasova,19,2.0,25,1.6666666666666667,FC Barcelona,36,2nd,31-44
766,Tyler Johnson,22,1.4,24,0.5999999999999999,Fresno State,0,Undrafted,Undrafted
767,Kyle Korver,22,2.8,31,2.2666666666666666,Creighton,51,2nd,45-60
768,De'Anthony Melton,20,2.3,22,1.7,Southern California,46,2nd,45-60
769,Marco Belinelli,21,1.3,26,0.0666666666666667,Fortitudo Bologna,18,1st,15-30
770,Alperen Şengün,19,4.9,21,3.566666666666667,Besiktas,16,1st,15-30
771,Mitchell Robinson,20,3.3,26,2.9,Western Kentucky,36,2nd,31-44
772,Cameron Payne,21,3.1,26,1.5999999999999999,Murray State,14,1st,1-14
773,Josh Giddey,19,3.0,22,1.9000000000000001,NBA Global Academy,6,1st,1-14
774,Langston Galloway,23,0.1,25,-0.5333333333333333,St. Joseph's (PA),0,Undrafted,Undrafted
775,Immanuel Quickley,21,2.2,25,1.7333333333333334,Kentucky,25,1st,15-30
776,Allen Crabbe,21,-0.7,25,-0.8333333333333334,California,31,2nd,31-44
777,Devonte' Graham,23,0.7,25,0.36666666666666664,Kansas,34,2nd,31-44
778,Landry Shamet,21,-1.2,24,-1.3999999999999997,Wichita State,26,1st,15-30
779,Cody Zeller,21,0.2,24,0.06666666666666668,Indiana,4,1st,1-14
780,Devin Vassell,20,0.4,22,-0.033333333333333326,Florida State,11,1st,1-14
781,Austin Reaves,23,1.9,26,0.9999999999999999,Oklahoma,0,Undrafted,Undrafted
782,Darren Collison,22,2.7,29,2.2,UCLA,21,1st,15-30
783,Naz Reid,20,1.6,25,1.3666666666666665,Louisiana State,0,Undrafted,Undrafted
784,E'Twaun Moore,22,-1.5,25,-1.6666666666666667,Purdue,55,2nd,45-60
785,Dāvis Bertāns,24,1.6,25,1.2666666666666668,Baskonia,42,2nd,31-44
786,Bryn Forbes,23,-1.2,25,-1.7333333333333334,Michigan State,0,Undrafted,Undrafted
787,Tomáš Satoranský,25,1.2,26,0.0,FC Barcelona,32,2nd,31-44
788,DeMarcus Cousins,20,6.8,26,5.566666666666666,Kentucky,5,1st,1-14
789,Grant Williams,21,-0.4,23,-1.0333333333333334,Tennessee,22,1st,15-30
790,Stanley Johnson,19,-1.0,25,-1.9000000000000001,Arizona,8,1st,1-14
791,Evan Mobley,20,4.6,23,3.0666666666666664,Southern California,3,1st,1-14
792,Isaac Okoro,20,-0.3,22,-0.6333333333333334,Auburn,5,1st,1-14
793,Saddiq Bey,21,-0.3,22,-0.8666666666666667,Villanova,19,1st,15-30
794,Wayne Ellington,22,0.4,28,0.10000000000000002,North Carolina,28,1st,15-30
795,Justise Winslow,19,-0.6,22,-1.1333333333333335,Duke,10,1st,1-14
796,Torrey Craig,27,0.4,30,-0.3666666666666667,South Carolina Upstate,0,Undrafted,Undrafted
797,Lonzo Ball,20,2.5,24,1.7333333333333334,UCLA,2,1st,1-14
798,James Johnson,22,4.5,26,3.233333333333333,Wake Forest,16,1st,15-30
799,Cameron Johnson,23,3.1,28,2.8000000000000003,North Carolina,11,1st,1-14
800,Willie Cauley-Stein,22,1.2,25,0.5333333333333333,Kentucky,6,1st,1-14
801,Terance Mann,23,-0.2,24,-0.7000000000000001,Florida State,48,2nd,45-60
802,Nemanja Bjelica,27,1.8,31,1.366666666666667,Fenerbahce,35,2nd,31-44
803,Desmond Bane,22,3.5,24,3.1666666666666665,TCU,30,1st,15-30
804,Alex Caruso,23,4.0,29,2.533333333333333,Texas A&M,0,Undrafted,Undrafted
805,Andre Iguodala,21,4.0,24,3.3000000000000003,Arizona,9,1st,1-14
806,Al-Farouq Aminu,20,0.7,24,0.4000000000000001,Wake Forest,8,1st,1-14
807,Rui Hachimura,21,-0.7,26,-1.0,Gonzaga,9,1st,1-14
808,Richaun Holmes,22,1.1,24,0.9,Bowling Green,37,2nd,31-44
809,Georges Niang,23,0.0,25,-0.13333333333333333,Iowa State,50,2nd,45-60
810,Franz Wagner,20,3.1,23,1.4000000000000001,Michigan,8,1st,1-14
811,Maurice Harkless,19,1.4,24,0.5666666666666665,"St. John's, N.Y.",15,1st,15-30
812,Kris Dunn,22,2.4,28,0.9666666666666667,Providence,5,1st,1-14
813,T.J. Warren,21,1.1,26,0.1333333333333334,North Carolina State,14,1st,1-14
814,Scottie Barnes,20,3.7,22,2.3333333333333335,Florida State,4,1st,1-14
815,Jeremy Lamb,20,1.6,22,1.4000000000000001,Connecticut,12,1st,1-14
816,Gorgui Dieng,24,3.4,31,2.3333333333333335,Louisville,21,1st,15-30
817,Deni Avdija,20,2.1,24,-0.1666666666666666,Maccabi Tel Aviv,9,1st,1-14
818,Alex Len,20,0.3,24,0.13333333333333333,Maryland,5,1st,1-14
819,Monte Morris,23,1.5,23,0.9,Iowa State,51,2nd,45-60
820,Ja Morant,20,6.1,22,4.966666666666667,Murray State,2,1st,1-14
821,De'Andre Hunter,22,1.2,23,-0.2666666666666666,Virginia,4,1st,1-14
822,Maxi Kleber,26,0.4,27,0.0,Bayern Munich,0,Undrafted,Undrafted
823,Derrick Jones Jr.,19,0.7,22,-1.850371707708594e-17,UNLV,0,Undrafted,Undrafted
824,Enes Freedom,19,2.2,25,1.8,Fenerbahce,3,1st,1-14
825,Marvin Williams,19,2.7,28,1.6666666666666667,North Carolina,2,1st,1-14
826,Rajon Rondo,20,4.0,22,3.5666666666666664,Kentucky,21,1st,15-30
827,Rodney Hood,22,0.7,23,-0.033333333333333326,Duke,23,1st,15-30
828,Derrick Rose,20,6.8,22,5.166666666666667,Memphis,1,1st,1-14
829,Derrick Favors,19,3.3,24,2.8000000000000003,Georgia Tech,3,1st,1-14
830,Michael Porter Jr.,21,3.1,22,1.5999999999999999,Missouri,14,1st,1-14
831,Jalen Green,19,0.5,22,-0.7000000000000001,NBA G League Ignite,2,1st,1-14
832,D.J. Augustin,21,1.4,26,0.9333333333333332,Texas,9,1st,1-14
833,John Wall,20,4.7,26,4.066666666666666,Kentucky,1,1st,1-14
834,Tyrese Maxey,20,3.1,22,1.8999999999999997,Kentucky,21,1st,15-30
835,Grayson Allen,23,1.3,28,0.6000000000000001,Duke,21,1st,15-30
836,Anfernee Simons,19,0.2,24,-0.19999999999999998,Edgewater HS (FL),24,1st,15-30
837,Markieff Morris,22,1.0,24,-0.20000000000000004,Kansas,13,1st,1-14
838,Kevon Looney,19,2.1,26,1.2,UCLA,30,1st,15-30
839,Dwight Howard,19,5.3,24,4.733333333333333,SW Atlanta Christian Academy (GA),1,1st,1-14
840,Wendell Carter Jr.,19,1.6,22,1.1666666666666667,Duke,7,1st,1-14
841,Jaden McDaniels,20,0.0,24,-1.2666666666666666,Washington,28,1st,15-30
842,Tony Snell,22,-0.5,29,-0.8666666666666666,New Mexico,20,1st,15-30
843,Montrezl Harrell,22,3.9,27,3.4,Louisville,32,2nd,31-44
844,Keldon Johnson,20,1.5,20,-0.20000000000000004,Kentucky,29,1st,15-30
845,Donte DiVincenzo,22,3.4,27,2.1999999999999997,Villanova,17,1st,15-30
846,Luguentz Dort,20,0.2,25,-1.2333333333333334,Arizona State,0,Undrafted,Undrafted
847,Luke Kennard,21,1.1,26,0.46666666666666673,Duke,12,1st,1-14
848,JaMychal Green,24,-0.5,29,-0.8666666666666667,Alabama,0,Undrafted,Undrafted
849,Paul Millsap,21,4.2,30,3.8333333333333335,Louisiana Tech,47,2nd,45-60
850,Cedi Osman,22,0.2,25,-0.8666666666666667,Anadolu Efes,31,2nd,31-44
851,Duncan Robinson,24,0.5,25,-0.3333333333333333,Michigan,0,Undrafted,Undrafted
852,Dario Šarić,22,1.3,23,0.6333333333333333,Anadolu Efes,12,1st,1-14
853,Jeff Teague,21,2.9,26,2.1333333333333333,Wake Forest,19,1st,15-30
854,Avery Bradley,20,-0.1,25,-0.7999999999999999,University of Texas at Austin,19,1st,15-30
855,Delon Wright,23,3.4,29,2.9666666666666663,Utah,20,1st,15-30
856,Bismack Biyombo,19,-0.2,23,-0.7333333333333334,Baloncesto Fuenlabrada,7,1st,1-14
857,Tyrese Haliburton,20,7.2,22,6.633333333333334,Iowa State,12,1st,1-14
858,Robin Lopez,20,1.2,25,0.6333333333333333,Stanford,15,1st,15-30
859,Victor Oladipo,21,5.8,25,3.4666666666666663,Indiana,2,1st,1-14
860,Kent Bazemore,23,0.6,28,-0.03333333333333336,Old Dominion,0,Undrafted,Undrafted
861,Blake Griffin,21,5.1,28,4.766666666666667,Oklahoma,1,1st,1-14
862,JJ Redick,22,2.2,31,1.9000000000000001,Duke,11,1st,1-14
863,Rudy Gay,20,2.8,24,2.466666666666667,Connecticut,8,1st,1-14
864,George Hill,22,5.3,28,4.133333333333333,Indiana-Purdue Indianapolis,26,1st,15-30
865,Pat Connaughton,23,1.2,26,0.6,Notre Dame,41,2nd,31-44
866,Marc Gasol,24,5.2,28,4.466666666666667,FC Barcelona,48,2nd,45-60
867,Otto Porter Jr.,20,3.5,24,3.3000000000000003,Georgetown,3,1st,1-14
868,Jordan Poole,20,1.0,22,0.3,Michigan,28,1st,15-30
869,Bruce Brown,22,0.7,25,0.033333333333333326,Miami,42,2nd,31-44
870,Hassan Whiteside,21,4.1,25,3.3000000000000003,Marshall,33,2nd,31-44
871,Elfrid Payton,20,0.8,21,0.20000000000000004,Louisana-Lafayette,10,1st,1-14
872,Gary Trent Jr.,20,0.2,23,-0.5666666666666668,Duke,37,2nd,31-44
873,Joe Harris,23,0.5,27,0.3333333333333333,Virginia,33,2nd,31-44
874,Jaren Jackson Jr.,19,2.8,23,1.8333333333333333,Michigan State,4,1st,1-14
875,Tristan Thompson,20,0.2,24,-0.3333333333333333,Texas-Austin,4,1st,1-14
876,Tyler Herro,20,3.1,25,1.5333333333333334,Kentucky,13,1st,1-14
877,Reggie Bullock,22,0.8,24,0.6,North Carolina,25,1st,15-30
878,Ben Simmons,21,4.5,21,3.6666666666666665,Louisiana State,1,1st,1-14
879,P.J. Washington,21,-0.1,23,-0.7666666666666666,Kentucky,12,1st,1-14
880,Malik Monk,19,0.6,25,0.1333333333333333,Kentucky,11,1st,1-14
881,Trey Lyles,20,1.3,22,0.10000000000000002,Kentucky,12,1st,1-14
882,Garrett Temple,23,0.6,28,-0.4000000000000001,Louisiana State,0,Undrafted,Undrafted
883,Danilo Gallinari,20,4.3,30,3.4666666666666663,Olimpia Milano,6,1st,1-14
884,Taj Gibson,24,1.3,34,0.7000000000000001,Southern California,26,1st,15-30
885,Collin Sexton,20,1.9,25,0.3666666666666667,Alabama,8,1st,1-14
886,Deandre Ayton,20,2.8,23,1.6333333333333335,Arizona,1,1st,1-14
887,Dwight Powell,23,2.9,27,1.9333333333333333,Stanford,45,2nd,45-60
888,Serge Ibaka,20,2.3,22,1.8333333333333333,Ricoh Manresa,24,1st,15-30
889,Seth Curry,23,4.7,23,2.2333333333333334,Duke,0,Undrafted,Undrafted
890,Alec Burks,20,1.5,29,1.1666666666666667,Colorado,12,1st,1-14
891,Ish Smith,22,0.3,28,0.13333333333333333,Wake Forest,0,Undrafted,Undrafted
892,Terrence Ross,21,0.8,26,0.30000000000000004,Washington,8,1st,1-14
893,Austin Rivers,20,-1.2,25,-1.7666666666666666,Duke,10,1st,1-14
894,Goran Dragić,22,3.9,27,2.8000000000000003,Union Olimpija,45,2nd,45-60
895,Coby White,19,-0.7,23,-0.7999999999999999,North Carolina,7,1st,1-14
896,Lou Williams,19,4.0,25,3.5,South Gwinnett HS (GA),45,2nd,45-60
897,Larry Nance Jr.,23,2.4,25,2.066666666666667,Wyoming,27,1st,15-30
898,Darius Garland,20,3.1,25,2.6999999999999997,Vanderbilt,5,1st,1-14
899,RJ Barrett,19,0.6,24,-0.4666666666666666,Duke,3,1st,1-14
900,Danny Green,22,4.6,27,3.6,North Carolina,46,2nd,45-60
901,Eric Bledsoe,21,3.6,27,3.4666666666666663,Kentucky,18,1st,15-30
902,Kevin Love,20,8.9,25,6.2,UCLA,5,1st,1-14
903,Trevor Ariza,19,2.8,22,2.4999999999999996,UCLA,43,2nd,31-44
904,Miles Bridges,20,1.8,26,1.1666666666666667,Michigan State,12,1st,1-14
905,Jusuf Nurkić,20,3.7,24,2.733333333333333,Cedevita,16,1st,15-30
906,Carmelo Anthony,19,5.0,28,4.3,Syracuse,3,1st,1-14
907,Doug McDermott,23,0.0,28,-0.6666666666666666,Creighton,11,1st,1-14
908,Anthony Edwards,19,4.3,23,2.933333333333333,Georgia,1,1st,1-14
909,LaMarcus Aldridge,21,3.9,30,3.266666666666667,University of Texas at Austin,2,1st,1-14
910,Jakob Poeltl,21,2.5,24,2.1333333333333333,Utah,9,1st,1-14
911,Ivica Zubac,19,3.1,27,2.3000000000000003,Mega Basket,32,2nd,31-44
912,Malcolm Brogdon,24,2.8,30,2.433333333333333,Virginia,36,2nd,31-44
913,Patrick Beverley,24,3.8,24,2.9,Arkansas,42,2nd,31-44
914,Kevin Huerter,20,1.0,24,-0.03333333333333336,Maryland,19,1st,15-30
915,Malik Beasley,20,0.8,28,0.2333333333333333,Florida State,19,1st,15-30
916,John Collins,20,3.1,22,2.3000000000000003,Wake Forest,19,1st,15-30
917,Derrick White,23,3.8,27,3.233333333333333,Colorado,29,1st,15-30
918,Lauri Markkanen,20,3.8,24,2.6,Arizona,7,1st,1-14
919,Jalen Brunson,22,5.8,26,4.333333333333333,Villanova,33,2nd,31-44
920,Patty Mills,21,4.0,25,2.6999999999999997,St. Mary's,55,2nd,45-60
921,Ricky Rubio,21,1.8,25,1.3666666666666665,FC Barcelona,5,1st,1-14
922,Bogdan Bogdanović,25,3.6,28,1.8333333333333333,Fenerbahce,27,1st,15-30
923,Wesley Matthews,23,3.1,28,1.9666666666666668,Marquette,0,Undrafted,Undrafted
924,Taurean Prince,22,-0.9,26,-1.2333333333333334,Baylor,12,1st,1-14
925,Joel Embiid,22,11.6,28,9.433333333333332,Kansas,3,1st,1-14
926,DeAndre Jordan,20,3.3,28,3.0666666666666664,Texas A&M,35,2nd,31-44
927,Tyus Jones,19,1.7,24,1.3666666666666665,Duke,24,1st,15-30
928,Dillon Brooks,22,-1.4,29,-2.266666666666667,Oregon,45,2nd,45-60
929,Caris LeVert,22,0.9,29,0.5,Michigan,20,1st,15-30
930,Dejounte Murray,20,5.4,25,2.7000000000000006,Washington,29,1st,15-30
931,Will Barton,22,1.1,27,0.7000000000000001,Memphis,40,2nd,31-44
932,OG Anunoby,20,1.2,22,0.7999999999999999,Indiana,23,1st,15-30
933,Gordon Hayward,20,5.0,26,3.9,Butler,9,1st,1-14
934,Bobby Portis,20,1.5,25,1.0,Arkansas,22,1st,15-30
935,Justin Holiday,23,1.3,30,0.0,Washington,0,Undrafted,Undrafted
936,T.J. McConnell,23,3.0,30,1.866666666666667,Arizona,0,Undrafted,Undrafted
937,Norman Powell,22,2.0,26,1.3,UCLA,46,2nd,45-60
938,Kyle Anderson,21,3.3,27,2.9,UCLA,30,1st,15-30
939,Thaddeus Young,19,3.3,29,2.5,Georgia Tech,12,1st,1-14
940,Jeff Green,21,0.4,37,0.1666666666666667,Georgetown,5,1st,1-14
941,Kelly Olynyk,22,2.3,26,1.9999999999999998,Gonzaga,13,1st,1-14
942,Cory Joseph,20,1.4,23,0.6333333333333333,Texas,29,1st,15-30
943,Kemba Walker,21,4.6,28,4.3,Connecticut,9,1st,1-14
944,Shai Gilgeous-Alexander,20,11.5,26,9.266666666666667,Kentucky,11,1st,1-14
945,Robert Covington,23,2.2,30,1.8333333333333333,Tennessee State,0,Undrafted,Undrafted
946,Kristaps Porziņģis,20,5.1,28,4.7,Cajasol Sevilla,4,1st,1-14
947,Josh Richardson,22,0.7,24,0.3666666666666667,Tennessee,40,2nd,31-44
948,Joe Ingles,27,3.5,33,2.466666666666667,Maccabi Tel Aviv,0,Undrafted,Undrafted
949,Luka Dončić,19,9.9,24,9.066666666666668,Real Madrid,3,1st,1-14
950,Royce O'Neale,24,1.0,27,0.9,Baylor,0,Undrafted,Undrafted
951,Kawhi Leonard,20,10.1,26,9.533333333333333,San Diego State,15,1st,15-30
952,Mason Plumlee,23,2.2,29,2.1,Duke,22,1st,15-30
953,Jae Crowder,22,2.2,25,1.5,Marquette,34,2nd,31-44
954,Reggie Jackson,21,2.7,24,1.4000000000000001,Boston College,24,1st,15-30
955,Evan Fournier,20,1.1,28,0.6,Poitiers Basket 86,20,1st,15-30
956,Gary Harris,20,0.8,23,0.26666666666666666,Michigan State,19,1st,15-30
957,Jarrett Allen,19,4.2,26,3.6999999999999997,Texas,22,1st,15-30
958,Josh Hart,22,2.8,28,1.2333333333333332,Villanova,30,1st,15-30
959,Eric Gordon,20,2.0,22,1.4333333333333333,Indiana,7,1st,1-14
960,Brandon Ingram,19,2.2,23,2.1,Duke,2,1st,1-14
961,Dorian Finney-Smith,23,0.8,28,0.2333333333333333,Florida,0,Undrafted,Undrafted
962,Spencer Dinwiddie,21,1.8,25,1.0333333333333334,Colorado,38,2nd,31-44
963,Marcus Morris,22,0.5,24,0.19999999999999998,Kansas,14,1st,1-14
964,Trae Young,20,5.2,23,4.266666666666667,Oklahoma,5,1st,1-14
965,Steven Adams,20,2.9,25,2.0,Pittsburgh,12,1st,1-14
966,Jamal Murray,19,4.1,26,2.4666666666666663,Kentucky,7,1st,1-14
967,Kyle Kuzma,22,-0.2,26,-0.43333333333333335,Utah,27,1st,15-30
968,Marcus Smart,20,1.4,25,0.9,Oklahoma State,6,1st,1-14
969,Fred VanVleet,22,3.6,27,3.233333333333333,Wichita State,0,Undrafted,Undrafted
970,Clint Capela,20,3.4,23,3.0333333333333337,Elan Chalon,25,1st,15-30
971,Bam Adebayo,20,4.9,23,4.033333333333333,Kentucky,14,1st,1-14
972,De'Aaron Fox,20,2.7,25,2.3333333333333335,Kentucky,5,1st,1-14
973,Mike Conley,20,6.8,29,5.466666666666666,Ohio State,4,1st,1-14
974,Jonas Valančiūnas,20,3.0,27,2.6999999999999997,Lietuvos rytas Vilnius,5,1st,1-14
975,Kelly Oubre Jr.,20,-0.5,24,-0.9333333333333332,Kansas,15,1st,15-30
976,Nicolas Batum,20,3.9,21,3.3666666666666667,Le Mans,25,1st,15-30
977,Andre Drummond,19,3.2,24,2.6,Connecticut,9,1st,1-14
978,Klay Thompson,21,4.4,24,2.4333333333333336,Washington State,11,1st,1-14
979,Kyrie Irving,19,7.7,25,7.3999999999999995,Duke,1,1st,1-14
980,P.J. Tucker,21,1.0,28,0.6666666666666666,Texas,35,2nd,31-44
981,Donovan Mitchell,21,6.3,25,5.466666666666666,Louisville,13,1st,1-14
982,Terry Rozier,21,2.1,23,1.8,Louisville,16,1st,15-30
983,Myles Turner,19,2.5,22,2.0,Texas,11,1st,1-14
984,Jaylen Brown,20,2.5,24,1.9666666666666666,California,3,1st,1-14
985,Khris Middleton,21,4.1,28,2.333333333333333,Texas A&M,39,2nd,31-44
986,Mikal Bridges,22,3.3,24,2.1999999999999997,Villanova,10,1st,1-14
987,Jerami Grant,20,1.2,27,0.8666666666666666,Syracuse,39,2nd,31-44
988,Tim Hardaway Jr.,21,0.5,24,0.26666666666666666,Michigan,24,1st,15-30
989,D'Angelo Russell,19,3.4,22,2.3000000000000003,Ohio State,2,1st,1-14
990,Bojan Bogdanović,25,0.8,33,0.5333333333333333,Fenerbahce,31,2nd,31-44
991,Al Horford,21,5.1,31,4.6000000000000005,Florida,3,1st,1-14
992,Jordan Clarkson,22,1.4,28,0.9,Missouri,46,2nd,45-60
993,Zach LaVine,19,4.0,25,2.966666666666667,UCLA,13,1st,1-14
994,Kevin Durant,19,10.2,25,10.033333333333333,Texas,2,1st,1-14
995,Pascal Siakam,22,3.5,27,3.0,New Mexico State,27,1st,15-30
996,Kyle Lowry,20,6.1,29,5.699999999999999,Villanova,24,1st,15-30
997,Domantas Sabonis,20,6.5,27,5.833333333333333,Gonzaga,11,1st,1-14
998,Draymond Green,22,5.5,25,4.633333333333334,Michigan State,35,2nd,31-44
999,Brook Lopez,20,3.7,24,3.0666666666666664,Stanford,10,1st,1-14
1000,Buddy Hield,24,2.1,26,1.7,Oklahoma,6,1st,1-14
1001,Jayson Tatum,19,5.5,24,5.266666666666667,Duke,3,1st,1-14
1002,Stephen Curry,21,11.9,27,10.166666666666666,Davidson,7,1st,1-14
1003,Aaron Gordon,19,2.1,27,1.5333333333333334,Arizona,4,1st,1-14
1004,Chris Paul,20,11.0,23,10.2,Wake Forest,4,1st,1-14
1005,Anthony Davis,19,9.4,25,8.766666666666667,Kentucky,1,1st,1-14
1006,Dennis Schröder,20,0.0,23,-0.2333333333333333,Braunschweig,17,1st,15-30
1007,Bradley Beal,19,3.4,26,3.1999999999999997,Florida,3,1st,1-14
1008,Jimmy Butler,22,8.7,33,7.8999999999999995,Marquette,30,1st,15-30
1009,Paul George,20,7.2,27,5.433333333333334,Fresno State,10,1st,1-14
1010,Jrue Holiday,19,3.4,29,3.233333333333333,UCLA,17,1st,15-30
1011,Karl-Anthony Towns,20,7.8,24,6.3,Kentucky,1,1st,1-14
1012,Julius Randle,20,3.8,26,3.1333333333333333,Kentucky,7,1st,1-14
1013,Nikola Vučević,21,6.6,28,5.366666666666666,Southern California,16,1st,15-30
1014,Rudy Gobert,21,5.4,26,4.966666666666667,Cholet,27,1st,15-30
1015,Kentavious Caldwell-Pope,20,0.3,24,-0.06666666666666667,Georgia,8,1st,1-14
1016,Andrew Wiggins,19,0.9,28,0.3333333333333333,Kansas,1,1st,1-14
1017,Devin Booker,19,4.2,26,3.766666666666667,Kentucky,13,1st,1-14
1018,LeBron James,19,13.2,24,12.233333333333334,St. Vincent-St. Mary HS (OH),1,1st,1-14
1019,Damian Lillard,22,7.5,29,7.266666666666666,Weber State,6,1st,1-14
1020,Nikola Jokić,20,13.7,26,13.4,Mega Basket,41,2nd,31-44
1021,Giannis Antetokounmpo,19,11.5,25,11.033333333333333,Filathlitikos,15,1st,15-30
1022,CJ McCollum,22,3.9,29,3.0,Lehigh,10,1st,1-14
1023,Russell Westbrook,20,11.1,28,9.0,UCLA,4,1st,1-14
1024,Harrison Barnes,20,0.2,27,0.10000000000000002,North Carolina,7,1st,1-14
1025,Tobias Harris,19,3.7,27,2.4,Tennessee,19,1st,15-30
1026,James Harden,20,11.0,28,10.166666666666666,Arizona State,3,1st,1-14
1027,DeMar DeRozan,20,3.1,31,2.9666666666666663,Southern California,9,1st,1-14
